ID,submission
5501,0.0
28857,0.0
11272,1.0
8206,0.0
6362,1.0
21775,1.0
20284,0.0
18980,0.0
9264,1.0
13544,0.0
6813,0.0
28111,0.0
4974,1.0
27278,1.0
8964,0.0
29495,0.0
8532,0.0
5090,0.0
14288,0.0
22804,0.0
21712,0.0
197,0.0
8846,0.0
9679,0.0
652,0.0
23959,1.0
767,0.0
26850,1.0
11072,0.0
6831,0.0
17527,0.0
15738,0.0
22407,0.0
14979,0.0
15603,1.0
3700,0.0
19186,0.0
21551,1.0
21637,1.0
26052,0.0
25364,1.0
28419,1.0
6768,0.0
2884,0.0
21079,1.0
5033,0.0
26867,0.0
4946,0.0
11819,0.0
18489,0.0
3481,0.0
9170,0.0
25900,1.0
21628,0.0
26227,0.0
10235,0.0
14007,0.0
23742,0.0
17484,1.0
20044,0.0
9237,0.0
21133,0.0
29032,0.0
17009,1.0
15345,0.0
29642,0.0
18561,0.0
26313,0.0
6389,0.0
12543,0.0
15639,1.0
87,0.0
25126,1.0
488,0.0
2423,0.0
2328,0.0
15429,0.0
2969,0.0
13292,1.0
6719,0.0
25296,0.0
12794,0.0
24077,0.0
28211,0.0
18852,1.0
11696,0.0
29903,0.0
18754,0.0
9948,0.0
20440,1.0
17863,1.0
10672,0.0
24214,0.0
6895,1.0
11032,1.0
2766,0.0
16522,1.0
24635,0.0
25318,0.0
21239,0.0
20861,0.0
13430,0.0
1143,0.0
22303,0.0
742,0.0
29928,0.0
9359,0.0
9465,0.0
28274,0.0
19724,0.0
27281,0.0
10525,1.0
3844,0.0
23473,0.0
22541,1.0
3218,0.0
3752,0.0
26101,0.0
14158,0.0
18943,0.0
15715,0.0
24271,0.0
17293,0.0
28470,0.0
25003,0.0
430,0.0
3119,0.0
5254,0.0
19884,0.0
70,1.0
5222,0.0
15509,1.0
29271,0.0
10000,0.0
18882,0.0
14526,0.0
7803,1.0
9983,1.0
21986,1.0
12427,0.0
4924,0.0
12159,0.0
26694,0.0
8902,0.0
5091,0.0
27425,0.0
596,0.0
20505,1.0
22905,0.0
9136,0.0
9823,0.0
24957,0.0
5575,0.0
2376,1.0
3351,1.0
11730,0.0
11683,0.0
10602,0.0
28435,0.0
24679,0.0
7472,0.0
18883,0.0
28639,0.0
13821,0.0
311,0.0
12598,0.0
12005,0.0
3030,0.0
14336,0.0
14230,0.0
1678,0.0
18594,0.0
23632,0.0
21595,0.0
9816,1.0
19661,1.0
8627,1.0
7769,1.0
16779,0.0
27323,0.0
23402,1.0
12738,0.0
14516,0.0
23853,1.0
12735,0.0
11478,1.0
4728,0.0
3764,0.0
28108,0.0
24510,0.0
8831,1.0
23362,0.0
26411,0.0
2524,0.0
8201,1.0
20994,1.0
1639,1.0
4606,0.0
18684,0.0
7909,0.0
25663,0.0
91,1.0
10232,0.0
9959,0.0
20635,0.0
23586,0.0
29764,0.0
8360,0.0
17522,0.0
28289,0.0
18789,0.0
25419,0.0
26949,0.0
3053,0.0
24471,0.0
26255,0.0
13875,0.0
13021,1.0
661,0.0
26974,0.0
28765,0.0
29828,1.0
1116,0.0
4126,0.0
14800,0.0
12927,0.0
8827,0.0
29738,1.0
27848,1.0
26676,0.0
5305,0.0
17306,0.0
25935,0.0
21546,0.0
20371,0.0
10162,0.0
16129,0.0
2284,0.0
590,0.0
29809,0.0
18802,0.0
616,0.0
6204,0.0
26790,0.0
913,0.0
466,0.0
5327,0.0
17002,0.0
16583,0.0
8307,0.0
9082,0.0
4617,0.0
21839,0.0
25633,0.0
26035,1.0
15002,0.0
20405,0.0
1534,0.0
16645,0.0
6074,0.0
5816,0.0
2270,1.0
16775,0.0
23128,0.0
9204,0.0
18046,0.0
7839,0.0
2092,1.0
21553,0.0
27142,0.0
527,1.0
23894,0.0
16027,1.0
25008,1.0
27823,0.0
7383,0.0
22690,0.0
3331,1.0
18309,0.0
15198,0.0
19871,0.0
27401,1.0
16068,0.0
9479,0.0
1556,0.0
6496,0.0
29348,1.0
5132,0.0
5763,1.0
23439,0.0
5371,0.0
10387,1.0
25994,0.0
18599,0.0
5218,1.0
5919,0.0
28884,0.0
1920,1.0
19796,0.0
2137,0.0
18535,0.0
8018,1.0
6899,0.0
25988,0.0
29801,0.0
25649,0.0
12463,1.0
8577,1.0
15893,0.0
9955,1.0
27216,0.0
17729,1.0
19471,1.0
17194,0.0
12070,0.0
1906,0.0
24025,1.0
6772,1.0
16122,1.0
17889,1.0
21905,0.0
24266,0.0
25763,0.0
23508,0.0
9438,1.0
21284,0.0
13847,0.0
17178,0.0
18893,1.0
6289,0.0
21981,1.0
26138,0.0
4850,0.0
2828,0.0
29914,0.0
19715,0.0
11378,0.0
4845,0.0
20438,1.0
25399,0.0
18094,0.0
20202,0.0
3798,0.0
5011,0.0
11488,0.0
5330,0.0
28046,0.0
28584,0.0
27034,0.0
2861,1.0
15353,0.0
25853,0.0
82,0.0
24013,1.0
3249,0.0
7372,0.0
23708,0.0
17084,1.0
17030,0.0
29178,1.0
9478,0.0
8678,0.0
14641,0.0
24244,0.0
19524,0.0
6943,1.0
21753,0.0
29033,0.0
26094,0.0
19248,0.0
24525,0.0
5739,1.0
12456,0.0
24980,1.0
8121,0.0
3860,1.0
2777,1.0
19334,0.0
13678,0.0
2134,0.0
26873,0.0
481,0.0
13723,0.0
23289,0.0
17144,0.0
18227,0.0
22545,0.0
28173,0.0
13944,1.0
16417,0.0
2407,0.0
10415,1.0
22811,0.0
13283,1.0
24033,1.0
603,0.0
1367,0.0
21576,0.0
4947,0.0
13147,0.0
18342,1.0
28350,1.0
22636,0.0
22601,0.0
20826,0.0
25433,0.0
26992,0.0
15309,1.0
22681,0.0
8460,0.0
14322,0.0
312,0.0
23357,0.0
24544,0.0
12238,1.0
26860,0.0
29987,0.0
13906,0.0
13620,1.0
15591,0.0
7642,0.0
2280,0.0
3327,0.0
9586,0.0
342,0.0
20114,1.0
24878,0.0
6708,0.0
19961,1.0
9073,0.0
22520,0.0
21920,0.0
27269,0.0
11412,0.0
24888,0.0
12730,0.0
2293,1.0
2206,0.0
13672,0.0
15879,0.0
15428,1.0
25152,0.0
867,0.0
26706,0.0
10268,0.0
20483,0.0
26210,0.0
15517,0.0
9081,0.0
4711,0.0
333,1.0
23483,0.0
21131,0.0
27949,0.0
29229,1.0
28750,0.0
11363,0.0
22323,0.0
5498,1.0
16456,1.0
7502,0.0
26157,0.0
5515,0.0
17989,1.0
9686,0.0
7231,0.0
21833,0.0
21223,0.0
6193,0.0
9198,1.0
28739,0.0
23760,1.0
1913,1.0
16173,0.0
5242,1.0
1079,0.0
21732,0.0
10328,0.0
17385,1.0
17161,0.0
27682,1.0
24375,0.0
4645,0.0
18300,0.0
3079,0.0
15670,0.0
25257,0.0
390,0.0
26296,0.0
29825,1.0
19026,1.0
5945,0.0
19706,0.0
24100,0.0
669,1.0
26933,0.0
4925,1.0
6106,0.0
6726,1.0
28119,0.0
7524,0.0
26627,0.0
15107,0.0
6860,0.0
22790,0.0
15352,1.0
13410,1.0
22430,1.0
3598,1.0
29473,0.0
23505,0.0
29630,0.0
26566,0.0
16787,0.0
20348,0.0
8451,0.0
21267,1.0
3165,0.0
5544,0.0
4138,0.0
2190,0.0
3203,0.0
20296,1.0
12145,1.0
10648,0.0
25385,1.0
10170,0.0
4565,0.0
8922,0.0
16558,0.0
20391,0.0
1606,0.0
25307,0.0
23564,0.0
419,0.0
7557,0.0
5791,0.0
19740,1.0
28638,1.0
9781,0.0
15474,0.0
4755,0.0
20851,0.0
7835,0.0
5142,0.0
18773,0.0
24188,0.0
13436,0.0
11769,0.0
27344,0.0
18207,0.0
28180,0.0
5350,1.0
6991,1.0
28964,0.0
27315,0.0
623,0.0
13990,0.0
16551,0.0
23151,0.0
25723,0.0
27228,0.0
5362,0.0
15669,0.0
22820,0.0
20493,0.0
4733,0.0
7149,0.0
1350,1.0
26373,1.0
9366,0.0
5417,0.0
26693,0.0
10118,0.0
22050,0.0
7939,0.0
9083,1.0
21769,0.0
26175,0.0
29009,0.0
28030,0.0
15971,1.0
9742,0.0
9108,1.0
21368,0.0
19841,0.0
27782,0.0
17050,1.0
4818,0.0
17409,0.0
24928,0.0
27413,0.0
2505,0.0
8753,0.0
29785,0.0
26320,0.0
4428,0.0
12061,0.0
23845,0.0
376,1.0
24845,1.0
14005,0.0
27356,0.0
25659,0.0
5710,0.0
10891,1.0
20490,0.0
21728,0.0
26114,0.0
23275,0.0
3527,0.0
862,0.0
17127,0.0
23948,0.0
2628,0.0
22810,0.0
21359,0.0
26575,0.0
2141,1.0
27115,0.0
18938,0.0
8793,0.0
5881,0.0
10908,1.0
19247,1.0
628,0.0
3143,0.0
11228,0.0
9875,0.0
10989,0.0
6313,0.0
23922,0.0
13770,0.0
29901,0.0
3357,0.0
905,1.0
7833,0.0
9571,1.0
3065,0.0
6126,0.0
12892,0.0
23104,0.0
12681,0.0
7698,0.0
19802,1.0
159,1.0
11535,0.0
19296,0.0
13689,0.0
11877,0.0
6601,1.0
10123,0.0
24062,0.0
11376,0.0
12694,0.0
4786,0.0
18639,0.0
3504,0.0
23288,0.0
6853,0.0
16431,0.0
10344,0.0
23509,1.0
9882,0.0
28071,0.0
24243,0.0
21792,0.0
9240,0.0
28791,0.0
11188,1.0
8285,0.0
14390,0.0
25071,0.0
25741,0.0
18473,0.0
18602,0.0
3754,0.0
3054,1.0
28982,0.0
11443,1.0
2478,0.0
4244,0.0
23524,0.0
22852,1.0
23065,0.0
11287,0.0
13965,0.0
14203,0.0
22111,0.0
13313,0.0
14590,0.0
24611,0.0
570,0.0
13855,0.0
24844,0.0
23620,0.0
12729,0.0
293,1.0
27820,0.0
8138,0.0
16962,0.0
27924,0.0
22836,0.0
28401,0.0
19071,0.0
22048,1.0
5596,0.0
1830,0.0
1596,0.0
23324,1.0
10092,1.0
17135,0.0
22919,0.0
672,1.0
2729,1.0
10789,0.0
15524,0.0
17867,1.0
6178,0.0
1301,1.0
26563,0.0
15673,1.0
5609,0.0
23004,0.0
7623,0.0
8409,0.0
6594,0.0
18780,0.0
28118,0.0
19134,1.0
20313,0.0
29278,0.0
24465,0.0
10291,0.0
2814,0.0
77,0.0
6408,1.0
18869,1.0
21999,0.0
10526,1.0
16922,0.0
5360,0.0
23184,0.0
25077,0.0
721,0.0
21399,0.0
19443,0.0
8130,1.0
28395,0.0
10696,1.0
5338,0.0
12210,0.0
10087,1.0
2883,0.0
12276,0.0
22490,0.0
20623,0.0
12294,0.0
7014,0.0
11420,1.0
2132,0.0
4459,0.0
8341,1.0
20615,1.0
9480,0.0
17249,1.0
23078,0.0
3127,1.0
4347,1.0
16561,0.0
13542,1.0
1813,0.0
29609,1.0
28831,0.0
5691,0.0
20884,1.0
10089,1.0
102,0.0
5065,1.0
27423,0.0
15264,0.0
23218,0.0
7135,1.0
26546,0.0
1354,1.0
14602,0.0
28869,0.0
19455,0.0
10462,0.0
28931,0.0
13408,0.0
19246,0.0
9027,0.0
22793,0.0
1361,0.0
15422,1.0
4918,1.0
21235,0.0
18025,1.0
12676,0.0
28728,0.0
1011,0.0
16843,0.0
26775,1.0
2161,0.0
12060,0.0
5750,0.0
24329,0.0
27703,1.0
28036,0.0
3881,0.0
7352,1.0
28231,0.0
29138,0.0
29815,1.0
14174,0.0
15234,1.0
28547,1.0
19928,0.0
23889,0.0
13682,0.0
13111,0.0
9128,0.0
13506,0.0
4763,1.0
10303,0.0
26642,0.0
5812,0.0
15548,0.0
25587,0.0
8641,0.0
10305,0.0
21521,0.0
21970,0.0
25768,0.0
11901,0.0
22625,0.0
4040,1.0
8208,0.0
4339,1.0
11850,0.0
16965,0.0
8669,0.0
4127,0.0
1267,0.0
21456,1.0
7353,0.0
28944,0.0
25447,0.0
24919,0.0
2545,0.0
7037,0.0
21036,0.0
9419,0.0
16707,0.0
8258,0.0
3909,0.0
5540,0.0
27120,0.0
23168,0.0
21045,0.0
28247,0.0
8755,0.0
795,0.0
6924,0.0
12546,0.0
12913,1.0
24103,1.0
18007,0.0
21372,1.0
24756,0.0
6505,0.0
7295,0.0
18903,1.0
19218,0.0
18255,0.0
9469,0.0
7387,1.0
12236,1.0
23424,0.0
29751,0.0
18270,0.0
2474,0.0
17917,0.0
7568,0.0
399,0.0
4686,0.0
25799,0.0
23782,1.0
6333,0.0
14885,0.0
5603,0.0
28974,0.0
25023,0.0
19793,0.0
25426,0.0
23051,0.0
16147,0.0
24791,0.0
188,1.0
25158,0.0
9980,1.0
10905,1.0
4964,0.0
25648,0.0
11095,0.0
2076,1.0
29076,0.0
25603,0.0
23970,0.0
14262,1.0
2933,0.0
497,0.0
3622,0.0
21768,0.0
25497,0.0
18246,0.0
16051,0.0
19785,0.0
19002,0.0
20950,1.0
2747,1.0
22807,0.0
16900,0.0
19032,0.0
4749,0.0
2398,0.0
3771,0.0
26016,0.0
4446,0.0
13146,0.0
19560,0.0
22596,0.0
18998,0.0
19634,0.0
28126,1.0
16067,1.0
21497,0.0
9810,0.0
5155,0.0
19456,0.0
2941,0.0
28377,1.0
6415,0.0
29226,0.0
10675,0.0
26995,0.0
29461,0.0
6698,0.0
7889,0.0
9161,0.0
6990,1.0
3667,0.0
26364,0.0
3689,0.0
24605,0.0
160,1.0
19695,0.0
17812,1.0
27453,1.0
27295,0.0
15181,1.0
13100,0.0
27360,0.0
15111,1.0
15412,0.0
29750,0.0
18964,0.0
17912,1.0
56,0.0
20410,0.0
19496,0.0
7233,0.0
24211,0.0
6621,0.0
13647,0.0
20242,0.0
9741,0.0
23827,0.0
19330,0.0
15615,1.0
10338,1.0
23257,0.0
5085,1.0
2428,1.0
16773,1.0
18180,1.0
6997,1.0
27567,1.0
20599,0.0
7266,0.0
18742,0.0
27415,0.0
25982,0.0
12818,0.0
23696,0.0
2809,0.0
4304,0.0
17872,1.0
8404,0.0
7990,0.0
2888,0.0
24941,0.0
2780,0.0
2822,1.0
6174,0.0
11830,1.0
17433,0.0
9926,0.0
24779,0.0
27395,0.0
10610,0.0
13114,0.0
20474,0.0
13994,0.0
19669,0.0
26700,0.0
10617,0.0
3406,0.0
110,0.0
11466,0.0
21760,0.0
17260,0.0
27043,0.0
5754,0.0
2756,0.0
2153,0.0
8591,0.0
19683,0.0
18591,0.0
29892,0.0
21376,0.0
3908,1.0
21258,0.0
28002,0.0
26682,0.0
21172,0.0
17012,0.0
22124,0.0
7455,0.0
21411,1.0
17487,0.0
22453,0.0
25922,0.0
28554,0.0
8574,1.0
25716,0.0
26136,0.0
10508,0.0
22887,0.0
6565,0.0
126,1.0
10125,1.0
29880,0.0
19076,1.0
16276,0.0
7802,0.0
5474,0.0
15988,1.0
16542,1.0
10203,0.0
423,0.0
22882,0.0
25432,0.0
5597,0.0
20346,1.0
9536,0.0
6054,0.0
17267,0.0
165,0.0
14078,0.0
20337,0.0
27103,0.0
22100,0.0
11654,1.0
23498,0.0
24869,0.0
4471,1.0
27956,1.0
2511,1.0
12678,0.0
7350,1.0
18855,0.0
13837,0.0
17239,0.0
16571,0.0
12412,0.0
7463,0.0
15281,0.0
168,1.0
8495,1.0
19587,0.0
19925,0.0
15208,1.0
20711,0.0
10233,1.0
19109,0.0
23450,0.0
2612,0.0
7689,1.0
19994,0.0
15764,1.0
17366,0.0
19717,1.0
27679,0.0
27693,0.0
10793,0.0
16696,0.0
17491,0.0
13328,0.0
20674,0.0
19318,1.0
10314,0.0
27658,1.0
23372,0.0
23443,0.0
27775,0.0
29041,0.0
1768,0.0
4035,1.0
18900,1.0
27578,1.0
17141,1.0
21594,0.0
2042,0.0
2472,1.0
20782,0.0
24608,1.0
13961,1.0
6059,0.0
22925,1.0
21588,0.0
17319,1.0
22018,0.0
15431,0.0
2770,0.0
5930,0.0
23370,0.0
11784,0.0
29258,1.0
28106,0.0
28539,0.0
23250,0.0
23407,0.0
26791,0.0
20973,1.0
27256,0.0
8692,0.0
2618,1.0
5506,0.0
13679,1.0
21884,0.0
26467,0.0
3448,0.0
24339,0.0
29098,0.0
9500,0.0
24942,0.0
956,0.0
3295,0.0
338,0.0
26194,0.0
13779,1.0
29232,0.0
1372,0.0
15078,0.0
11994,1.0
3840,1.0
2506,1.0
5933,1.0
8361,0.0
26249,0.0
17690,0.0
2267,0.0
28956,0.0
2218,0.0
10798,0.0
12299,0.0
22670,0.0
11142,0.0
9472,0.0
14807,0.0
9129,0.0
18336,1.0
8975,1.0
16169,0.0
26234,0.0
29200,0.0
8668,0.0
22025,0.0
2412,0.0
7921,0.0
23459,0.0
25558,1.0
21103,1.0
21918,1.0
9009,0.0
9946,0.0
18118,0.0
14223,1.0
6314,0.0
24967,1.0
12568,0.0
14573,0.0
27496,0.0
15528,0.0
14950,0.0
13635,0.0
15635,0.0
19728,0.0
24655,0.0
8551,0.0
19581,0.0
24155,1.0
20000,1.0
7579,0.0
3499,1.0
21383,0.0
2649,0.0
11342,0.0
1628,0.0
6346,0.0
14869,0.0
15634,0.0
4988,0.0
6725,0.0
4258,0.0
9364,0.0
19404,0.0
19792,0.0
6596,1.0
1689,0.0
3699,0.0
900,0.0
5375,0.0
1302,1.0
3548,0.0
24582,0.0
20673,1.0
5478,0.0
439,0.0
5146,0.0
27092,1.0
1814,1.0
7931,0.0
27507,0.0
4973,0.0
2707,1.0
17993,0.0
4044,0.0
27257,0.0
4985,0.0
20092,0.0
11572,1.0
21016,1.0
24990,0.0
7138,1.0
16105,0.0
3095,0.0
2909,1.0
6266,0.0
17329,0.0
12508,1.0
22896,1.0
20594,0.0
9190,1.0
2486,0.0
1335,0.0
29706,1.0
13446,0.0
27001,1.0
17931,1.0
4720,1.0
20416,1.0
29930,0.0
7286,0.0
23007,0.0
28607,0.0
27250,0.0
21159,0.0
7060,1.0
11390,0.0
8547,1.0
26701,0.0
18,0.0
23526,1.0
28660,0.0
8374,1.0
24926,1.0
9463,1.0
3918,0.0
24985,0.0
28084,0.0
22030,0.0
13710,0.0
8429,1.0
14474,1.0
24825,0.0
1058,0.0
15998,1.0
3305,0.0
16889,0.0
7852,0.0
1266,0.0
23227,0.0
9782,1.0
24477,0.0
3905,1.0
23804,0.0
7646,0.0
20540,0.0
1694,0.0
28567,0.0
16745,0.0
17593,0.0
1277,0.0
1941,0.0
4426,0.0
29491,0.0
26490,0.0
15084,0.0
13038,0.0
5108,0.0
3438,0.0
10452,0.0
16869,0.0
17227,0.0
22251,0.0
13244,1.0
11157,0.0
21826,0.0
28790,0.0
28886,0.0
295,0.0
28524,0.0
6627,0.0
17364,1.0
2288,0.0
20367,1.0
15175,0.0
16655,1.0
29400,0.0
17804,0.0
11388,1.0
24721,0.0
20639,0.0
2890,0.0
9377,0.0
29580,1.0
9114,0.0
3139,0.0
21687,1.0
7365,0.0
3207,0.0
22265,0.0
29505,1.0
23781,0.0
24515,0.0
13451,1.0
21717,1.0
8235,0.0
18296,0.0
12630,1.0
29265,0.0
18314,0.0
16191,1.0
4486,0.0
890,0.0
21443,0.0
5985,0.0
22929,0.0
20340,0.0
19263,0.0
16482,0.0
25899,0.0
9281,1.0
20377,0.0
18758,1.0
29257,0.0
3794,0.0
3102,0.0
28849,1.0
6968,0.0
14936,0.0
12718,0.0
20977,0.0
4068,0.0
833,0.0
3985,0.0
6818,0.0
23544,0.0
10645,0.0
24485,1.0
23211,1.0
6556,1.0
10533,0.0
15119,0.0
24723,0.0
22347,0.0
5814,0.0
4513,0.0
8555,0.0
15500,1.0
22307,1.0
9996,0.0
10695,0.0
12935,0.0
17402,0.0
25101,0.0
28465,0.0
24750,1.0
5500,0.0
6283,0.0
20515,0.0
8522,1.0
14850,0.0
23706,0.0
18167,0.0
13293,1.0
23994,1.0
4995,0.0
19530,0.0
10205,0.0
15759,1.0
19681,0.0
17856,0.0
14703,0.0
28953,0.0
23359,0.0
1852,0.0
25828,0.0
20446,0.0
13539,0.0
15028,0.0
28000,0.0
18022,1.0
9175,0.0
2635,0.0
21589,0.0
18571,0.0
13915,1.0
20307,1.0
20163,0.0
24901,0.0
19943,0.0
22383,0.0
24539,0.0
1425,0.0
141,0.0
18498,0.0
11328,0.0
29499,1.0
13657,0.0
1332,0.0
19885,0.0
5951,0.0
11118,0.0
27672,1.0
12311,0.0
7270,0.0
22275,0.0
27260,1.0
609,0.0
869,0.0
19932,0.0
10627,0.0
18338,0.0
25661,0.0
16854,1.0
25779,0.0
8603,1.0
23598,0.0
18507,0.0
14806,1.0
2702,1.0
13787,0.0
5991,1.0
19800,0.0
24528,1.0
3640,0.0
2450,0.0
1318,0.0
8752,0.0
28243,1.0
29397,0.0
29196,1.0
25798,1.0
11068,0.0
14642,1.0
28369,0.0
18644,1.0
1145,1.0
25544,0.0
9099,1.0
3126,0.0
13487,1.0
4331,1.0
17982,0.0
2470,0.0
9897,0.0
13162,0.0
25337,0.0
19460,0.0
20548,0.0
4781,0.0
12884,0.0
4174,0.0
13326,0.0
22505,0.0
2215,1.0
8312,0.0
21901,1.0
15956,0.0
21294,0.0
12390,0.0
27321,1.0
25223,0.0
23652,0.0
14538,0.0
6944,0.0
1546,0.0
28511,0.0
29046,0.0
3808,0.0
6510,1.0
8422,0.0
28798,0.0
27030,0.0
15983,1.0
10253,0.0
17358,0.0
17043,0.0
11858,0.0
27372,0.0
29230,0.0
13306,0.0
29304,0.0
6898,1.0
7994,0.0
11119,0.0
17591,0.0
6778,0.0
9327,0.0
17243,0.0
28534,1.0
11384,0.0
17815,1.0
14353,1.0
9655,0.0
9798,0.0
28936,0.0
8597,0.0
15284,0.0
28052,0.0
23369,0.0
26481,0.0
16346,0.0
24290,0.0
15678,1.0
27495,1.0
18874,0.0
23610,0.0
23392,0.0
26736,0.0
10465,0.0
3615,0.0
11001,0.0
5140,0.0
29820,0.0
3144,1.0
4293,1.0
12844,0.0
4783,0.0
12433,1.0
7275,0.0
8580,0.0
18045,0.0
16252,1.0
3003,1.0
143,1.0
558,1.0
12178,0.0
19417,0.0
14588,1.0
1265,0.0
3694,0.0
7159,0.0
25215,0.0
3507,0.0
15676,1.0
5886,1.0
20100,1.0
9514,0.0
20560,1.0
11588,0.0
18762,0.0
24000,0.0
20678,0.0
28167,0.0
26858,0.0
25025,1.0
13914,0.0
19254,0.0
10788,0.0
9583,1.0
18570,0.0
17549,0.0
3350,0.0
19883,0.0
13069,0.0
16827,1.0
9031,0.0
23406,0.0
948,0.0
17172,1.0
20837,0.0
6888,0.0
8613,1.0
27737,1.0
9143,1.0
18496,0.0
29520,0.0
24010,1.0
1803,0.0
24163,0.0
10293,0.0
28352,1.0
17624,0.0
29986,0.0
10766,1.0
22824,0.0
25610,0.0
10094,0.0
13062,1.0
10598,1.0
20291,1.0
10445,1.0
15103,1.0
8614,0.0
1513,0.0
16444,1.0
10960,0.0
6579,0.0
1260,1.0
5873,0.0
9629,0.0
10796,0.0
27214,1.0
18137,0.0
7550,0.0
16347,1.0
4103,0.0
26608,0.0
21500,0.0
17159,0.0
130,1.0
756,0.0
15254,0.0
18135,0.0
27730,0.0
2722,0.0
7636,1.0
3027,0.0
26696,0.0
11358,1.0
17213,0.0
17280,1.0
20860,0.0
14567,1.0
2696,0.0
1559,1.0
848,1.0
27285,0.0
11127,0.0
4365,0.0
27903,0.0
19340,0.0
2585,0.0
24666,1.0
7948,0.0
1535,1.0
20512,0.0
24684,0.0
15723,0.0
26634,0.0
12344,0.0
9285,0.0
11096,0.0
12332,0.0
3052,0.0
28366,1.0
15727,1.0
23980,1.0
18023,0.0
15902,0.0
7004,0.0
16170,0.0
8576,1.0
28018,0.0
11577,1.0
17972,1.0
19609,0.0
26750,1.0
13417,0.0
24809,0.0
2752,1.0
11026,0.0
11760,0.0
18036,1.0
3603,0.0
14494,0.0
18891,0.0
4736,0.0
19863,0.0
27778,0.0
23978,0.0
14180,0.0
2827,0.0
18051,0.0
16520,1.0
27009,0.0
12325,0.0
18634,0.0
12586,0.0
4405,1.0
25753,0.0
5664,0.0
28731,0.0
11286,1.0
17719,1.0
22616,0.0
6256,1.0
29316,0.0
7348,0.0
11126,0.0
19896,1.0
28471,0.0
10778,0.0
17688,1.0
604,1.0
21183,0.0
17794,1.0
23226,0.0
21756,1.0
28250,0.0
26170,0.0
9149,1.0
17588,1.0
27102,0.0
28688,1.0
19323,1.0
13112,0.0
7634,0.0
14652,0.0
20602,0.0
19161,0.0
29415,0.0
1189,0.0
4808,0.0
25449,0.0
8012,0.0
4083,0.0
24494,1.0
29858,1.0
19093,0.0
17288,0.0
11471,1.0
5610,0.0
3545,1.0
15648,0.0
27390,0.0
7571,0.0
13621,0.0
23684,0.0
23846,0.0
16650,1.0
361,1.0
24370,0.0
7408,0.0
29938,0.0
18215,1.0
8770,0.0
17393,0.0
8618,0.0
5803,0.0
27628,1.0
12656,1.0
14510,1.0
19097,0.0
2948,1.0
15685,0.0
21455,0.0
21522,0.0
16824,0.0
4372,0.0
23336,0.0
1307,0.0
23328,0.0
25704,1.0
7597,0.0
9223,1.0
864,0.0
5706,0.0
9179,0.0
15172,0.0
11560,1.0
11513,0.0
1380,1.0
15206,0.0
12295,0.0
3942,0.0
4217,0.0
23795,0.0
13149,0.0
15784,0.0
1219,0.0
25495,0.0
4026,0.0
2847,0.0
17871,1.0
14779,1.0
21494,0.0
25999,0.0
19996,0.0
13712,1.0
18168,0.0
9502,0.0
9568,0.0
3614,0.0
27095,0.0
28348,0.0
12506,0.0
23475,0.0
25964,0.0
23310,1.0
23759,0.0
4247,1.0
2503,0.0
21252,0.0
738,0.0
20621,0.0
9473,1.0
8125,1.0
27610,0.0
12721,0.0
24479,0.0
17586,1.0
751,0.0
4570,1.0
8192,0.0
22406,0.0
10946,0.0
871,0.0
19739,0.0
12357,0.0
11975,0.0
1591,0.0
24970,1.0
2001,1.0
21479,0.0
7789,1.0
12716,1.0
28863,0.0
16161,0.0
16949,0.0
21032,1.0
24138,0.0
19096,0.0
26776,1.0
2700,1.0
16001,1.0
7068,1.0
4094,1.0
29227,1.0
6501,1.0
11163,0.0
14659,1.0
717,0.0
11631,0.0
27818,0.0
12845,0.0
24742,0.0
8034,0.0
7917,0.0
8305,0.0
17219,1.0
18484,0.0
7344,0.0
14108,0.0
16518,1.0
5066,0.0
15442,0.0
22897,0.0
15519,0.0
17923,0.0
2800,0.0
8269,0.0
9017,1.0
19716,0.0
22351,0.0
23479,0.0
24600,0.0
18092,0.0
18287,0.0
27931,1.0
20419,0.0
6161,0.0
24480,0.0
6386,0.0
20433,0.0
4399,0.0
18289,0.0
15601,0.0
20503,0.0
2238,0.0
10180,0.0
5768,0.0
15478,0.0
24747,0.0
20124,0.0
20911,0.0
8731,1.0
14309,0.0
6235,0.0
6317,0.0
1045,1.0
15537,1.0
16512,1.0
13767,0.0
26023,1.0
24983,0.0
14357,0.0
19788,0.0
24849,0.0
17838,0.0
225,1.0
4558,0.0
62,0.0
13396,0.0
10469,0.0
15280,1.0
6985,1.0
29333,0.0
22777,0.0
17019,0.0
11302,1.0
15850,0.0
23286,0.0
22712,0.0
23661,0.0
14766,0.0
2736,0.0
19211,0.0
12369,0.0
28640,0.0
888,0.0
28641,0.0
12653,0.0
15712,0.0
1010,0.0
5401,0.0
10564,0.0
23259,1.0
3239,0.0
11811,0.0
22226,0.0
9217,0.0
16099,1.0
17670,0.0
16261,1.0
9248,0.0
11165,0.0
19673,0.0
4104,0.0
15329,0.0
28875,0.0
2056,1.0
7139,0.0
19808,0.0
23240,1.0
10362,0.0
12699,0.0
6252,0.0
22858,0.0
7422,0.0
16117,0.0
23446,0.0
6191,0.0
20315,1.0
18170,1.0
21336,0.0
27517,1.0
20789,0.0
25989,0.0
21709,1.0
11662,1.0
13297,0.0
2239,0.0
13732,0.0
5356,0.0
2960,0.0
3265,1.0
7607,0.0
11469,0.0
20890,0.0
19804,0.0
6000,1.0
11484,0.0
16685,0.0
27557,1.0
4412,0.0
5777,0.0
29350,0.0
26909,0.0
20671,1.0
22614,0.0
14364,0.0
7992,0.0
9698,0.0
5709,0.0
21191,0.0
14472,1.0
28230,0.0
25175,1.0
26965,0.0
21640,1.0
3671,0.0
11009,1.0
11863,0.0
10625,0.0
27328,0.0
1445,1.0
3734,0.0
10596,0.0
10444,0.0
21415,0.0
16181,0.0
14962,1.0
26327,1.0
25327,0.0
21003,0.0
12773,1.0
11736,0.0
24507,1.0
16903,0.0
23554,0.0
1853,0.0
25833,0.0
12870,0.0
13230,0.0
16034,1.0
13629,0.0
16150,0.0
13029,1.0
17062,1.0
21555,0.0
573,0.0
13903,0.0
11497,0.0
18563,0.0
12416,0.0
6075,0.0
25415,0.0
29433,1.0
7089,0.0
20141,1.0
89,0.0
7393,0.0
19938,0.0
28062,1.0
19203,0.0
8946,1.0
24516,0.0
26363,0.0
17220,0.0
16063,0.0
28699,0.0
3470,0.0
4180,0.0
18720,1.0
24352,0.0
1529,0.0
22326,0.0
5017,0.0
17666,0.0
8007,0.0
19038,0.0
18328,0.0
9004,1.0
25943,1.0
25507,0.0
25630,1.0
500,1.0
20954,0.0
4702,0.0
9703,0.0
25866,0.0
12153,1.0
29608,0.0
11190,0.0
17921,0.0
6856,0.0
15574,0.0
6379,1.0
22506,0.0
25147,1.0
27271,0.0
17078,1.0
27436,0.0
29991,0.0
6887,1.0
14035,0.0
20471,0.0
23943,1.0
13570,1.0
12671,0.0
17303,0.0
17945,1.0
12783,0.0
3213,0.0
26421,0.0
6849,0.0
16693,0.0
10476,0.0
17944,0.0
15384,1.0
22085,0.0
25749,0.0
7276,1.0
23117,0.0
9326,1.0
9910,1.0
5174,0.0
17789,1.0
26072,0.0
6212,0.0
11368,0.0
1419,0.0
11429,0.0
5267,0.0
6735,0.0
28561,0.0
2885,0.0
26065,0.0
22448,0.0
17380,1.0
4654,1.0
13154,1.0
14948,0.0
14583,0.0
23847,1.0
27213,0.0
9053,0.0
29144,0.0
26024,0.0
22829,0.0
7937,0.0
9363,0.0
23745,0.0
28652,0.0
25235,0.0
19731,0.0
25010,0.0
24736,0.0
17558,0.0
15493,0.0
6460,0.0
24816,0.0
21831,0.0
364,0.0
16225,1.0
27451,0.0
21606,0.0
10385,0.0
25294,0.0
7974,1.0
29012,0.0
9670,0.0
18814,0.0
17592,1.0
1857,0.0
3405,0.0
16532,0.0
13464,0.0
22525,0.0
19434,0.0
13311,0.0
28756,0.0
21771,0.0
12556,0.0
24200,1.0
28935,0.0
4307,0.0
29158,0.0
1138,1.0
5358,0.0
20478,0.0
4621,0.0
21334,0.0
24258,1.0
20655,0.0
10724,0.0
23874,0.0
21047,1.0
28631,0.0
18781,0.0
13017,0.0
8177,0.0
7842,0.0
18888,0.0
3317,0.0
25228,0.0
8070,0.0
7532,1.0
23757,0.0
15793,1.0
20043,0.0
18362,0.0
25882,0.0
6910,1.0
17071,1.0
23120,0.0
3705,1.0
4074,0.0
1832,0.0
26683,0.0
9993,1.0
15602,0.0
2278,0.0
16969,1.0
2993,0.0
23460,0.0
12965,0.0
25596,0.0
13523,0.0
20734,1.0
7945,1.0
28269,0.0
25110,1.0
10871,1.0
11273,1.0
21659,1.0
7997,1.0
12742,0.0
29768,1.0
13250,0.0
24312,0.0
28408,1.0
4434,0.0
10808,0.0
22722,0.0
17951,1.0
29886,0.0
25822,1.0
18671,1.0
11649,1.0
10550,0.0
12808,0.0
19974,0.0
15438,0.0
19160,0.0
11141,0.0
26593,0.0
15878,0.0
27065,1.0
26792,0.0
9440,0.0
14291,0.0
11436,1.0
19009,0.0
12290,0.0
28191,0.0
28585,0.0
7701,0.0
5989,0.0
25061,0.0
17082,0.0
26128,0.0
12934,0.0
20400,1.0
28006,0.0
18816,0.0
17299,0.0
1710,0.0
16952,0.0
5035,0.0
6150,0.0
6376,0.0
2468,0.0
7849,0.0
7183,1.0
4880,0.0
20425,1.0
25138,0.0
3427,0.0
27108,0.0
16841,0.0
22845,0.0
4685,0.0
26265,0.0
19308,0.0
27854,1.0
24846,0.0
3156,0.0
2309,0.0
22164,1.0
21955,0.0
19010,0.0
11503,0.0
4400,0.0
23069,0.0
13156,0.0
23861,0.0
11648,0.0
20537,0.0
2906,0.0
2335,0.0
12521,0.0
16892,0.0
26151,1.0
13456,1.0
996,0.0
8696,0.0
25890,0.0
25000,0.0
12231,1.0
20222,0.0
19671,1.0
22680,0.0
5264,0.0
26046,0.0
8113,0.0
9055,0.0
2464,1.0
11843,0.0
25878,0.0
28538,1.0
1229,0.0
28110,0.0
18725,0.0
1369,1.0
21261,1.0
17277,0.0
12494,1.0
13053,0.0
12407,1.0
29813,0.0
4311,0.0
28866,0.0
10802,1.0
12460,0.0
4320,0.0
5176,0.0
22217,0.0
20042,0.0
23236,0.0
13696,1.0
13501,1.0
25714,0.0
29099,0.0
19298,0.0
5944,0.0
4329,0.0
25571,0.0
22425,0.0
22598,0.0
9610,1.0
11881,0.0
2023,0.0
6953,0.0
7877,1.0
3254,1.0
8886,0.0
8501,0.0
15402,0.0
2463,1.0
21630,0.0
25114,1.0
7069,1.0
12147,0.0
3038,0.0
20152,1.0
17312,0.0
6947,1.0
18779,0.0
15547,0.0
1117,0.0
27458,1.0
26282,0.0
21655,0.0
26375,1.0
16052,0.0
17341,0.0
13636,1.0
26006,0.0
16120,0.0
9987,0.0
7776,1.0
17085,0.0
8029,0.0
19004,0.0
20745,0.0
21945,0.0
24193,1.0
23321,0.0
4312,0.0
3390,1.0
21736,0.0
26420,0.0
29465,0.0
8706,0.0
5613,0.0
29667,0.0
7195,0.0
14423,0.0
23634,0.0
28591,1.0
27014,1.0
23438,0.0
23931,0.0
19949,0.0
28242,0.0
13213,1.0
1504,0.0
27933,1.0
2227,0.0
1892,0.0
8702,0.0
3722,0.0
5554,0.0
18582,0.0
2669,0.0
28034,0.0
22346,1.0
20688,1.0
12972,0.0
7405,0.0
5584,0.0
6227,0.0
15415,0.0
21757,0.0
216,1.0
24216,0.0
7084,0.0
525,0.0
19087,0.0
2992,0.0
18757,0.0
16214,0.0
5505,0.0
12227,0.0
18553,0.0
1253,0.0
8754,0.0
13775,0.0
12558,0.0
2665,0.0
6902,0.0
18596,0.0
9091,0.0
24354,0.0
26329,0.0
17392,0.0
7104,0.0
13178,1.0
7161,0.0
24252,0.0
14783,0.0
23190,0.0
8094,0.0
1374,0.0
8921,0.0
12117,0.0
14315,1.0
28160,0.0
24503,1.0
7505,1.0
4402,0.0
18953,0.0
6139,0.0
27267,0.0
27135,0.0
18622,0.0
1169,0.0
5693,1.0
14881,1.0
8795,0.0
23764,0.0
6925,0.0
28186,0.0
22441,0.0
644,0.0
24282,0.0
5214,0.0
21154,0.0
24293,0.0
13361,0.0
12351,0.0
27600,1.0
2496,0.0
28105,1.0
29591,1.0
24483,0.0
2816,0.0
13925,0.0
28343,0.0
9829,0.0
16274,0.0
4340,0.0
27061,0.0
28056,1.0
22082,0.0
29199,0.0
3186,1.0
16688,0.0
28517,0.0
24814,0.0
23029,0.0
25574,0.0
17961,0.0
5311,0.0
20369,1.0
7831,0.0
15117,0.0
13669,0.0
5189,1.0
7115,0.0
27326,0.0
9592,0.0
5724,1.0
29011,0.0
15209,0.0
7160,0.0
13584,1.0
24616,0.0
26342,0.0
15805,0.0
24877,1.0
579,0.0
19803,0.0
22759,0.0
25359,0.0
2388,0.0
22114,0.0
12841,1.0
2230,0.0
10251,0.0
19527,0.0
28839,0.0
4133,0.0
3593,1.0
12440,0.0
6766,0.0
2579,0.0
23137,0.0
24004,1.0
23753,0.0
12461,0.0
29448,0.0
4864,0.0
10473,1.0
17408,0.0
10934,0.0
7055,0.0
15137,1.0
27923,1.0
16793,1.0
23134,0.0
19227,0.0
2430,0.0
6526,0.0
8769,1.0
963,0.0
12886,0.0
16405,0.0
328,1.0
17236,1.0
17379,0.0
26220,0.0
1142,1.0
24527,0.0
3591,1.0
501,1.0
5728,0.0
8181,0.0
24262,0.0
28862,0.0
28076,0.0
21601,0.0
664,0.0
4724,0.0
27526,0.0
26521,0.0
6785,1.0
9245,0.0
24275,0.0
1196,0.0
29975,1.0
10272,0.0
26415,0.0
26958,0.0
21469,0.0
17776,1.0
10737,0.0
24629,0.0
6640,1.0
27073,0.0
27780,0.0
5680,1.0
25454,1.0
6081,0.0
19304,0.0
10745,1.0
26205,0.0
16931,0.0
28856,0.0
1676,0.0
18212,0.0
26283,0.0
13093,1.0
14530,0.0
26956,0.0
15720,0.0
14830,0.0
7766,0.0
27279,0.0
2831,0.0
297,0.0
6672,0.0
21445,0.0
2604,0.0
17564,0.0
17743,0.0
17165,0.0
18024,0.0
14515,0.0
5849,0.0
14084,0.0
302,0.0
1312,1.0
27579,0.0
2111,0.0
19916,0.0
19478,0.0
25929,0.0
14940,0.0
10365,1.0
5586,0.0
2167,0.0
21390,0.0
6312,0.0
25850,0.0
2869,0.0
16739,0.0
24500,1.0
146,1.0
5309,0.0
9631,1.0
14702,0.0
9117,0.0
13015,0.0
25515,0.0
21031,0.0
18349,0.0
29937,0.0
19364,0.0
10842,1.0
13545,0.0
13930,0.0
15417,0.0
8593,1.0
7006,0.0
7606,0.0
22613,0.0
22208,0.0
20057,0.0
10781,0.0
21065,0.0
28380,0.0
925,0.0
1651,0.0
21386,0.0
1982,1.0
23024,1.0
25852,1.0
25043,1.0
5504,0.0
3107,0.0
3367,0.0
2390,1.0
13975,0.0
15742,0.0
25016,1.0
10031,0.0
1108,0.0
22560,0.0
16519,0.0
3779,0.0
3243,1.0
8985,1.0
819,0.0
4907,0.0
20967,0.0
23844,0.0
22037,0.0
7339,1.0
17188,1.0
22261,0.0
9991,0.0
15479,0.0
12389,0.0
5640,0.0
24112,0.0
1735,0.0
8607,0.0
16032,1.0
6461,0.0
2354,0.0
426,0.0
18366,0.0
4754,0.0
14490,1.0
12894,0.0
22049,0.0
17440,0.0
11609,1.0
28670,0.0
25121,0.0
6368,0.0
22300,0.0
7222,0.0
20742,1.0
21887,0.0
26053,0.0
14051,0.0
26211,0.0
12048,0.0
23208,0.0
25562,0.0
16845,0.0
19773,0.0
17146,0.0
4190,1.0
954,0.0
5552,1.0
9001,0.0
16581,0.0
27577,0.0
9322,0.0
29100,0.0
14579,0.0
7720,0.0
7261,0.0
3716,1.0
16055,0.0
19399,0.0
7385,0.0
8940,0.0
23484,1.0
27757,0.0
8760,0.0
17579,0.0
8840,0.0
20778,0.0
5840,0.0
18064,0.0
24955,0.0
10656,1.0
9266,0.0
22371,0.0
3344,0.0
16781,0.0
26056,0.0
3415,0.0
24717,1.0
7167,0.0
24003,0.0
880,1.0
17539,0.0
16766,0.0
17680,0.0
26272,0.0
26598,1.0
13600,0.0
9014,0.0
9343,0.0
223,0.0
22127,0.0
10795,0.0
12826,1.0
211,0.0
22238,0.0
20336,1.0
20005,0.0
16846,1.0
29391,0.0
28809,0.0
1486,1.0
16485,0.0
22926,0.0
24903,0.0
10698,1.0
5168,0.0
18277,0.0
28148,0.0
6720,0.0
6141,0.0
11380,0.0
18945,0.0
28663,1.0
4216,0.0
5460,0.0
4979,0.0
28309,0.0
23593,1.0
10968,1.0
17453,1.0
25397,0.0
12371,0.0
1990,0.0
6109,1.0
20245,0.0
27537,1.0
10243,0.0
10224,0.0
2124,0.0
8585,0.0
9660,0.0
24804,1.0
17286,0.0
24883,0.0
14074,0.0
27838,0.0
14225,0.0
24743,0.0
2154,0.0
18930,0.0
25353,0.0
18706,1.0
2792,1.0
25760,0.0
163,0.0
29105,0.0
3715,0.0
26941,0.0
10963,0.0
9893,1.0
3748,0.0
3118,0.0
22365,0.0
25825,0.0
17368,0.0
29816,0.0
21345,0.0
12464,0.0
17888,0.0
28308,1.0
13907,0.0
26389,0.0
18918,1.0
29814,0.0
17933,0.0
212,0.0
6142,0.0
14417,1.0
24762,0.0
20914,1.0
13345,0.0
14717,0.0
10806,0.0
27742,0.0
29037,0.0
16665,0.0
4822,0.0
9283,0.0
20668,0.0
2947,0.0
24662,0.0
14572,0.0
20744,0.0
27880,0.0
1009,1.0
13538,0.0
1492,0.0
6844,0.0
17077,1.0
12155,1.0
28930,0.0
1877,0.0
6546,0.0
7351,0.0
6338,1.0
9588,1.0
16859,1.0
12761,1.0
23747,0.0
28518,0.0
11706,1.0
12467,0.0
9674,0.0
17958,0.0
25629,0.0
27668,0.0
8713,0.0
27729,0.0
13072,1.0
20607,0.0
5715,0.0
21526,0.0
16758,1.0
9201,0.0
15718,0.0
9664,0.0
117,0.0
28113,0.0
29434,0.0
11262,1.0
29471,0.0
17384,0.0
4253,0.0
21439,0.0
2224,0.0
13552,0.0
55,1.0
27971,0.0
8895,0.0
6430,1.0
9147,1.0
25742,1.0
16890,1.0
28905,0.0
25606,0.0
10711,1.0
25524,0.0
14976,1.0
16010,0.0
26926,1.0
4552,0.0
5036,0.0
17728,0.0
10961,0.0
4245,0.0
4249,1.0
5753,0.0
5404,0.0
3334,0.0
8430,0.0
22606,0.0
3743,0.0
28929,0.0
15691,1.0
18863,0.0
7716,0.0
20550,0.0
19036,1.0
18548,0.0
23950,1.0
21432,0.0
8717,1.0
28095,0.0
5876,0.0
15365,0.0
19275,0.0
29097,0.0
3636,0.0
16386,0.0
29784,1.0
15772,0.0
13301,1.0
12639,0.0
25360,0.0
11400,0.0
26292,0.0
28459,0.0
16459,1.0
17887,0.0
5487,0.0
12242,0.0
19652,0.0
2737,0.0
12269,1.0
20040,0.0
28644,0.0
2710,0.0
11505,1.0
17626,1.0
25938,0.0
24789,0.0
1466,0.0
3360,0.0
27462,0.0
29578,1.0
15799,1.0
26078,0.0
23156,1.0
19101,1.0
12843,0.0
2074,0.0
20427,0.0
21581,1.0
8570,0.0
752,1.0
8631,1.0
17777,1.0
18390,0.0
22401,0.0
20075,0.0
27604,0.0
3435,0.0
12437,0.0
16708,0.0
22095,1.0
18027,1.0
10038,0.0
24161,0.0
2654,0.0
29164,0.0
29340,0.0
26648,1.0
24478,0.0
25901,0.0
21641,0.0
15829,0.0
18589,0.0
23638,0.0
8038,0.0
13338,0.0
4105,1.0
17756,0.0
26794,0.0
23456,0.0
28811,0.0
15201,1.0
7629,1.0
26718,1.0
13259,1.0
18988,0.0
14100,0.0
18074,1.0
12659,0.0
14246,0.0
15017,1.0
18172,0.0
29731,1.0
966,0.0
12281,1.0
18080,0.0
15257,0.0
21315,0.0
22185,0.0
27694,1.0
28107,0.0
11806,0.0
4846,0.0
14371,0.0
17090,1.0
27048,1.0
7616,0.0
4377,1.0
9234,1.0
19059,0.0
8159,0.0
29534,1.0
12789,0.0
25904,0.0
17764,1.0
11788,0.0
25826,0.0
14716,0.0
5511,0.0
29616,1.0
16870,1.0
26241,0.0
14488,0.0
25568,0.0
1991,0.0
5187,0.0
2098,0.0
27286,0.0
18353,0.0
21749,0.0
16465,0.0
5481,0.0
20961,0.0
1746,0.0
7924,1.0
6094,1.0
12749,0.0
14609,0.0
22278,0.0
5883,0.0
6771,0.0
20099,0.0
6296,0.0
20929,0.0
25978,0.0
14992,0.0
16838,0.0
27735,0.0
1485,0.0
6742,0.0
20997,1.0
29296,1.0
18929,1.0
23770,0.0
29024,0.0
1269,1.0
9605,0.0
21964,0.0
27263,1.0
6206,0.0
27162,0.0
13511,1.0
3476,0.0
23643,0.0
2946,0.0
9699,0.0
930,0.0
5161,0.0
8653,0.0
29404,0.0
18319,0.0
9279,0.0
18849,0.0
2378,0.0
4577,0.0
21848,1.0
4839,1.0
27473,0.0
24592,0.0
15401,1.0
13548,0.0
15953,0.0
10991,0.0
24729,0.0
1263,0.0
14398,1.0
25164,0.0
8894,0.0
7843,0.0
18954,0.0
16270,0.0
3981,0.0
15132,1.0
7082,0.0
16564,0.0
20130,1.0
23686,0.0
7243,0.0
25719,0.0
1186,1.0
105,1.0
27833,0.0
26752,0.0
18453,0.0
27826,0.0
5961,0.0
9191,1.0
11860,0.0
19206,0.0
16188,1.0
25117,0.0
19414,0.0
25214,0.0
4128,1.0
21832,0.0
21394,0.0
16833,1.0
15534,0.0
8772,0.0
11913,0.0
12421,0.0
13520,0.0
8175,1.0
7263,0.0
14859,1.0
13695,0.0
7576,0.0
17025,0.0
10154,0.0
16760,0.0
4441,0.0
16579,1.0
22316,1.0
1297,1.0
20632,0.0
10356,0.0
48,0.0
14169,0.0
17401,0.0
696,0.0
17480,0.0
4612,1.0
26070,0.0
9455,0.0
11052,0.0
9036,0.0
29436,0.0
2870,0.0
29093,0.0
25727,0.0
22913,0.0
10874,1.0
88,0.0
16994,0.0
13217,0.0
29249,1.0
13877,1.0
21646,0.0
12776,0.0
22414,1.0
5553,1.0
19879,0.0
13892,0.0
22497,0.0
17285,0.0
3005,1.0
14673,0.0
14333,0.0
1724,0.0
5962,0.0
14802,0.0
14520,0.0
23127,0.0
22463,1.0
1183,1.0
15300,0.0
13460,0.0
9348,0.0
21491,0.0
13483,0.0
1025,0.0
28967,0.0
10349,0.0
13323,0.0
6865,0.0
9718,0.0
18609,0.0
6492,1.0
6699,0.0
29026,1.0
15965,1.0
21631,0.0
5704,0.0
23527,1.0
28399,0.0
3108,0.0
23744,0.0
8545,0.0
19129,0.0
1607,1.0
241,1.0
24828,1.0
4319,0.0
28609,0.0
4057,1.0
26452,0.0
21392,0.0
13060,1.0
6761,0.0
12203,1.0
24984,1.0
28606,1.0
21503,0.0
2761,0.0
22977,0.0
6796,0.0
17421,1.0
23183,0.0
27194,0.0
12539,0.0
15041,0.0
22287,1.0
16437,1.0
16215,0.0
18892,0.0
27397,0.0
22189,0.0
24979,0.0
11462,0.0
28516,0.0
20363,0.0
4688,0.0
7120,0.0
14248,0.0
2583,1.0
21990,0.0
13187,0.0
25297,0.0
18643,0.0
24382,1.0
22150,0.0
16642,0.0
11708,0.0
24661,0.0
28223,0.0
12588,1.0
28196,0.0
6216,1.0
12330,1.0
25418,0.0
10898,0.0
14804,0.0
21292,0.0
26904,0.0
2900,0.0
3070,1.0
7761,1.0
4611,1.0
12688,0.0
13030,1.0
4158,0.0
25505,0.0
15645,0.0
22215,0.0
8838,0.0
14944,1.0
25076,0.0
26359,1.0
18488,0.0
18717,0.0
4634,0.0
18060,0.0
3666,0.0
17229,0.0
940,0.0
9029,1.0
16800,1.0
20970,0.0
19835,1.0
162,1.0
27109,0.0
29036,0.0
26586,0.0
19735,0.0
444,0.0
7106,0.0
24833,0.0
17608,0.0
4830,0.0
21285,1.0
2068,0.0
537,0.0
7662,0.0
9059,0.0
5409,0.0
26251,0.0
22717,0.0
29463,0.0
17649,0.0
27900,0.0
9721,0.0
3537,1.0
14621,0.0
7203,0.0
708,1.0
14918,0.0
14087,1.0
10199,0.0
13569,0.0
11424,1.0
11953,0.0
538,0.0
22336,0.0
16807,1.0
20156,0.0
18722,0.0
23292,0.0
14458,1.0
17447,1.0
15786,0.0
12632,0.0
29454,0.0
26466,0.0
29314,1.0
10888,0.0
10873,0.0
19738,1.0
14011,0.0
22335,0.0
10241,1.0
8002,0.0
13754,0.0
17115,0.0
20325,0.0
21570,0.0
991,0.0
3389,0.0
23966,0.0
27873,0.0
10725,0.0
16857,1.0
27733,1.0
21720,0.0
11759,0.0
15258,0.0
5095,0.0
11004,1.0
26365,0.0
25208,1.0
21206,0.0
28998,0.0
9278,0.0
22546,0.0
20185,0.0
17563,0.0
14499,0.0
7817,1.0
29153,0.0
23639,0.0
11934,1.0
29562,1.0
8691,0.0
10514,0.0
19833,0.0
6211,1.0
7901,0.0
11961,0.0
7482,1.0
12082,0.0
16294,0.0
18401,0.0
768,0.0
15047,0.0
7292,1.0
4101,0.0
18182,0.0
12541,0.0
7671,0.0
25834,0.0
14391,0.0
26936,0.0
8338,1.0
16879,0.0
8324,1.0
16457,0.0
12912,1.0
15698,0.0
21091,0.0
25814,0.0
12045,0.0
15756,0.0
6101,0.0
2334,0.0
22134,1.0
8862,0.0
26231,1.0
21719,0.0
12933,0.0
2723,1.0
14775,0.0
11724,0.0
5231,0.0
8493,1.0
5458,1.0
5838,1.0
7449,0.0
9125,0.0
23732,0.0
16740,0.0
14711,0.0
8120,0.0
14076,0.0
27070,0.0
28245,0.0
23081,1.0
8929,0.0
13722,0.0
23295,0.0
24622,0.0
8354,0.0
20754,0.0
812,0.0
25410,0.0
28330,0.0
26059,0.0
12582,0.0
28260,1.0
10614,0.0
15969,0.0
15713,0.0
28142,0.0
13611,0.0
3682,1.0
10113,0.0
18103,0.0
22769,0.0
22954,1.0
16957,1.0
29273,0.0
5416,0.0
22294,0.0
8116,0.0
12778,0.0
17023,0.0
19819,1.0
27337,1.0
8965,0.0
15887,0.0
26045,0.0
23619,1.0
19842,0.0
4185,0.0
10447,1.0
244,0.0
18033,0.0
16976,0.0
1118,1.0
4188,0.0
1909,1.0
14648,0.0
29676,0.0
4568,0.0
2260,0.0
28851,0.0
28065,0.0
24581,0.0
22123,0.0
9813,0.0
6172,0.0
9337,1.0
18154,0.0
15824,1.0
28297,0.0
5842,0.0
12569,0.0
18567,0.0
7875,0.0
4145,0.0
14889,0.0
17930,0.0
233,0.0
9184,0.0
15336,0.0
2012,0.0
2386,0.0
5496,1.0
646,0.0
25322,0.0
27438,0.0
8343,0.0
20298,0.0
2894,1.0
13307,0.0
2638,0.0
3681,0.0
21958,0.0
25172,0.0
7474,0.0
6838,1.0
9375,0.0
28596,0.0
3974,0.0
12368,1.0
21112,0.0
12880,0.0
18850,0.0
23669,0.0
23082,0.0
20150,0.0
18416,0.0
22507,1.0
23878,0.0
27296,0.0
15233,0.0
14704,0.0
21156,0.0
14945,0.0
9260,0.0
29260,0.0
1590,0.0
3732,0.0
205,0.0
27569,0.0
1917,0.0
7221,0.0
26304,1.0
6228,0.0
19702,0.0
6569,0.0
3735,0.0
26535,0.0
11322,0.0
7765,0.0
16277,0.0
14983,0.0
21300,0.0
7561,1.0
15080,0.0
9694,0.0
17004,0.0
20877,0.0
6524,0.0
29669,1.0
15069,0.0
23181,0.0
11244,1.0
11451,1.0
3607,0.0
8694,0.0
16076,1.0
1490,1.0
3264,0.0
15312,0.0
3512,0.0
1918,0.0
9164,0.0
17807,1.0
4283,0.0
1181,0.0
19342,0.0
6504,1.0
15213,0.0
24771,0.0
8080,0.0
12621,0.0
10443,0.0
10582,0.0
14163,1.0
10774,1.0
3878,0.0
6663,0.0
11841,0.0
807,0.0
1463,0.0
26984,0.0
7845,0.0
8825,0.0
4975,1.0
26295,0.0
28038,0.0
21788,1.0
27220,0.0
595,0.0
13279,0.0
5316,0.0
16494,0.0
23048,0.0
3078,0.0
5780,0.0
20486,0.0
17469,0.0
16008,1.0
8624,0.0
60,0.0
21795,0.0
24800,1.0
18713,0.0
28881,0.0
24606,0.0
2975,0.0
16699,1.0
13813,0.0
21524,1.0
4882,0.0
10211,1.0
3574,1.0
816,0.0
23334,0.0
3930,0.0
16875,1.0
3193,0.0
8054,1.0
7425,0.0
785,0.0
6155,1.0
20924,0.0
11396,0.0
10179,0.0
16219,0.0
8993,0.0
4932,1.0
29837,0.0
20730,0.0
13650,0.0
4501,0.0
29948,1.0
11594,0.0
22012,1.0
4788,0.0
18146,0.0
7775,1.0
25168,1.0
27439,0.0
11250,0.0
4897,0.0
14041,0.0
16160,0.0
7259,0.0
9093,0.0
16080,0.0
24482,0.0
20017,0.0
9365,0.0
12353,0.0
25477,0.0
17240,1.0
24509,0.0
15424,1.0
22904,0.0
7748,0.0
1115,0.0
1461,1.0
20107,0.0
22888,0.0
26657,1.0
15982,1.0
10108,0.0
26040,0.0
7519,0.0
4215,0.0
21020,0.0
16880,0.0
9304,0.0
13184,0.0
15507,0.0
20418,1.0
17381,0.0
470,0.0
9753,0.0
9548,0.0
7300,0.0
10228,1.0
6900,0.0
21617,0.0
24768,1.0
10288,0.0
2336,0.0
6920,0.0
2560,1.0
764,1.0
9247,1.0
15031,1.0
24357,0.0
3925,0.0
20288,0.0
14956,0.0
5390,0.0
10370,1.0
12585,0.0
11437,1.0
11465,1.0
11355,0.0
13385,0.0
25607,0.0
7345,0.0
9989,0.0
6069,0.0
21044,0.0
4336,0.0
725,1.0
15917,0.0
10699,0.0
27440,1.0
26236,0.0
21683,0.0
8492,0.0
29422,0.0
13235,0.0
20942,0.0
529,0.0
14406,0.0
6427,1.0
11744,1.0
3687,1.0
23311,1.0
15029,0.0
10396,0.0
12748,0.0
12959,1.0
28117,0.0
19727,1.0
5880,0.0
21582,0.0
24190,0.0
5720,0.0
7228,0.0
1574,0.0
19397,0.0
8003,0.0
11195,0.0
15217,0.0
26246,0.0
19472,1.0
4881,0.0
8704,0.0
1902,1.0
28323,0.0
18581,1.0
19954,0.0
1204,1.0
25625,0.0
5006,0.0
11309,0.0
28906,0.0
11024,0.0
26740,0.0
26148,0.0
28123,0.0
29741,0.0
15487,0.0
25767,0.0
19936,1.0
16737,0.0
8367,0.0
18043,1.0
4296,1.0
11316,0.0
24327,0.0
25651,0.0
24426,0.0
10680,0.0
27064,0.0
12076,0.0
13346,0.0
9994,0.0
15057,1.0
21026,0.0
3772,0.0
19939,0.0
2360,0.0
24631,0.0
8332,0.0
29977,1.0
29835,0.0
29331,0.0
21910,0.0
8605,0.0
11853,0.0
273,0.0
11680,0.0
24080,0.0
26552,0.0
5212,1.0
23555,0.0
14330,1.0
27619,1.0
21966,0.0
28258,0.0
3765,0.0
7922,1.0
14151,1.0
24123,0.0
14747,0.0
27774,1.0
4120,0.0
11164,0.0
27031,0.0
22089,0.0
10529,1.0
29623,1.0
17503,0.0
1103,1.0
29774,0.0
8237,0.0
5855,1.0
20256,1.0
26105,0.0
27288,0.0
4284,0.0
28847,0.0
12106,0.0
15610,0.0
15561,0.0
29652,1.0
17678,0.0
27998,0.0
15418,1.0
15096,0.0
23792,1.0
20894,0.0
3240,1.0
4248,0.0
15587,0.0
4653,0.0
914,1.0
24711,0.0
11421,0.0
1133,1.0
3767,1.0
28446,0.0
29453,1.0
2236,0.0
15703,0.0
26647,0.0
25488,0.0
3048,0.0
21225,1.0
25092,0.0
12328,0.0
21957,0.0
7016,0.0
12396,0.0
5549,0.0
3311,1.0
15394,0.0
3447,0.0
15981,1.0
14242,0.0
284,0.0
23312,0.0
19165,0.0
13450,0.0
8883,0.0
28227,0.0
20140,0.0
29371,0.0
7808,0.0
20428,1.0
5861,0.0
29309,0.0
20613,0.0
9040,0.0
21670,0.0
18373,0.0
9089,0.0
27290,0.0
11814,1.0
8210,0.0
19077,0.0
9863,0.0
2720,0.0
9339,0.0
12192,1.0
4747,1.0
28963,0.0
3147,0.0
1076,0.0
16515,1.0
22666,0.0
20210,1.0
7189,0.0
25180,0.0
6552,0.0
1761,0.0
5,0.0
15755,0.0
5994,0.0
24933,0.0
13315,0.0
2954,1.0
27327,0.0
24532,1.0
3915,0.0
18587,0.0
8682,0.0
15388,0.0
20885,0.0
2297,0.0
622,0.0
22035,0.0
11382,0.0
7786,1.0
15289,0.0
25734,0.0
1127,0.0
5569,0.0
25538,0.0
27354,1.0
20328,0.0
20316,0.0
1097,0.0
22621,1.0
22446,0.0
3004,1.0
23085,0.0
10646,0.0
20931,0.0
21067,0.0
18208,0.0
18837,1.0
19562,0.0
28846,0.0
5115,0.0
17507,0.0
25312,1.0
859,0.0
17697,0.0
20614,0.0
24976,0.0
8185,1.0
16984,0.0
16307,0.0
10566,0.0
15346,0.0
14492,0.0
24259,1.0
26640,0.0
6797,1.0
11003,0.0
11928,0.0
16648,0.0
23098,0.0
18421,1.0
12224,0.0
2949,0.0
2839,0.0
23495,0.0
9002,0.0
2045,0.0
22932,0.0
6407,0.0
9370,0.0
8461,0.0
1190,0.0
22849,0.0
11270,0.0
21440,0.0
16830,0.0
28745,0.0
17540,1.0
18914,1.0
5792,0.0
19320,0.0
29170,1.0
17740,1.0
7823,0.0
2806,0.0
13789,0.0
12055,0.0
4220,0.0
12926,0.0
16797,1.0
25926,0.0
24640,0.0
24555,0.0
27620,0.0
19080,0.0
13449,0.0
8733,0.0
29648,0.0
26504,0.0
25643,1.0
6770,0.0
9430,1.0
11430,0.0
10886,1.0
9433,0.0
22910,0.0
26761,0.0
1901,0.0
25171,1.0
10424,0.0
8914,0.0
5557,0.0
13762,0.0
1577,0.0
5984,0.0
10006,0.0
14385,0.0
5279,0.0
1919,0.0
14878,0.0
290,0.0
10151,0.0
4623,0.0
4163,0.0
19244,1.0
14224,0.0
1881,0.0
19815,1.0
265,0.0
1373,1.0
811,0.0
20684,0.0
20815,0.0
16065,1.0
8824,0.0
24162,0.0
5614,0.0
29322,0.0
12609,1.0
25676,0.0
1726,0.0
22843,0.0
12069,0.0
4739,1.0
12728,0.0
14625,0.0
20562,1.0
1313,0.0
10537,1.0
26193,0.0
24255,0.0
493,0.0
2871,0.0
17821,0.0
7498,0.0
3787,0.0
4149,0.0
1340,1.0
4278,0.0
26274,0.0
5988,0.0
16428,0.0
21058,1.0
18279,1.0
11937,0.0
4240,0.0
27509,0.0
27863,0.0
27207,0.0
14478,0.0
8546,1.0
5509,0.0
8672,0.0
45,0.0
29593,1.0
4439,0.0
8179,1.0
27627,0.0
20685,1.0
13057,1.0
18550,0.0
3058,0.0
374,0.0
7349,0.0
11875,1.0
13749,0.0
27141,0.0
541,0.0
13269,0.0
8028,0.0
26278,0.0
17750,1.0
5633,0.0
22418,0.0
9937,1.0
22282,0.0
29625,0.0
6050,1.0
2557,0.0
17627,0.0
28141,0.0
13369,0.0
13559,0.0
14784,0.0
27396,0.0
14491,0.0
19213,1.0
15661,0.0
14646,0.0
8599,1.0
15371,0.0
29240,1.0
8737,0.0
29381,1.0
2482,0.0
13461,0.0
23909,0.0
19220,0.0
5854,0.0
8803,1.0
17079,0.0
1585,0.0
23167,1.0
10213,1.0
20335,0.0
26656,1.0
3135,0.0
20569,1.0
19608,0.0
28149,0.0
23886,0.0
12613,0.0
26039,0.0
12387,1.0
14996,1.0
7113,0.0
18679,0.0
3178,0.0
26398,0.0
21513,0.0
18544,0.0
631,0.0
12054,1.0
8907,0.0
12245,0.0
27019,0.0
23597,0.0
23160,0.0
24774,0.0
23171,0.0
22496,0.0
4116,0.0
23784,0.0
20403,1.0
14135,0.0
18153,0.0
7655,0.0
15333,0.0
18068,1.0
29287,1.0
16116,1.0
21681,0.0
14427,0.0
14874,1.0
3509,1.0
8954,1.0
19583,0.0
5968,0.0
804,0.0
4694,0.0
3868,1.0
8530,0.0
19264,0.0
20760,0.0
18360,1.0
11296,1.0
26837,0.0
8638,0.0
28535,1.0
7363,0.0
8443,0.0
3519,0.0
17088,1.0
7124,0.0
8735,0.0
131,0.0
18692,1.0
15404,0.0
4109,0.0
23436,0.0
11464,0.0
2105,0.0
12086,0.0
17551,1.0
3443,0.0
27175,0.0
5324,0.0
13790,1.0
23384,0.0
4526,0.0
26884,0.0
25735,0.0
23885,0.0
27822,0.0
25231,0.0
24057,1.0
16771,1.0
8659,0.0
19132,0.0
27467,0.0
25482,0.0
25355,0.0
3838,0.0
20793,0.0
17992,0.0
19767,0.0
22488,0.0
28635,0.0
1904,0.0
21700,0.0
26109,1.0
8543,1.0
16544,1.0
14900,0.0
9800,0.0
2561,0.0
27804,0.0
10830,0.0
27265,0.0
27977,0.0
20606,1.0
20902,0.0
24260,0.0
4415,0.0
19960,1.0
13089,0.0
8275,1.0
17967,1.0
15659,0.0
15710,0.0
9521,0.0
877,0.0
25673,0.0
3210,0.0
28860,0.0
13883,0.0
22072,0.0
3506,0.0
285,0.0
6470,0.0
17400,0.0
25739,0.0
771,0.0
14862,1.0
24519,1.0
4375,1.0
305,0.0
23903,0.0
1634,0.0
3230,0.0
4303,0.0
11578,1.0
12758,1.0
2833,0.0
26769,0.0
20203,0.0
22503,1.0
343,1.0
857,1.0
11433,0.0
14523,1.0
4553,0.0
1022,0.0
18714,0.0
15518,1.0
6500,0.0
15754,0.0
9794,0.0
2717,0.0
29070,0.0
23416,1.0
9126,0.0
24671,0.0
20831,0.0
13928,0.0
17846,0.0
14058,0.0
6320,0.0
13138,0.0
16024,0.0
16469,0.0
18807,0.0
4789,1.0
4943,0.0
3707,0.0
11758,0.0
5295,0.0
27130,1.0
29925,0.0
1623,0.0
733,1.0
18997,0.0
13667,0.0
4124,0.0
26929,1.0
29077,0.0
17278,0.0
21262,1.0
8880,0.0
24734,0.0
8857,1.0
12967,1.0
11442,0.0
2639,0.0
21256,1.0
20737,1.0
1622,0.0
16231,0.0
8176,0.0
17041,1.0
27379,0.0
26925,0.0
10058,0.0
28887,0.0
27076,0.0
28932,0.0
20718,0.0
16335,0.0
783,1.0
4267,0.0
29466,0.0
18040,1.0
3730,0.0
23433,0.0
29663,0.0
11920,0.0
25072,1.0
8246,0.0
20787,0.0
20984,1.0
26256,0.0
20286,0.0
24408,0.0
13419,0.0
26184,0.0
29111,0.0
10809,0.0
24512,1.0
9078,0.0
9815,1.0
16102,0.0
29089,0.0
13784,1.0
999,0.0
372,0.0
18902,0.0
3397,0.0
9115,0.0
2243,1.0
9046,0.0
22444,0.0
24563,0.0
1783,1.0
1715,1.0
13132,0.0
25621,0.0
17850,0.0
10479,0.0
7738,0.0
16203,0.0
14875,0.0
16127,1.0
12555,0.0
19436,0.0
10833,0.0
25886,0.0
2143,1.0
9501,0.0
7640,0.0
22737,0.0
10829,0.0
25563,1.0
26931,1.0
26937,1.0
28303,0.0
5513,1.0
519,1.0
23958,0.0
26854,1.0
10600,1.0
4876,1.0
27586,1.0
22674,0.0
16095,1.0
9462,0.0
9353,0.0
24839,0.0
11298,0.0
3480,0.0
29885,0.0
10655,0.0
2603,1.0
13707,0.0
15317,1.0
26325,0.0
29169,0.0
19556,0.0
26269,0.0
11771,0.0
9640,0.0
20401,0.0
128,0.0
7871,0.0
25875,1.0
24610,0.0
16667,0.0
2095,1.0
5181,0.0
21140,0.0
8242,1.0
23239,0.0
27910,0.0
4200,0.0
4176,0.0
10416,0.0
15657,0.0
15666,0.0
29526,0.0
20338,1.0
25253,1.0
12643,0.0
27695,0.0
29867,1.0
9361,0.0
20844,0.0
6506,0.0
20542,1.0
9626,1.0
26959,0.0
14734,1.0
29638,0.0
14328,1.0
18041,0.0
29539,1.0
4199,0.0
23542,0.0
26993,0.0
25617,0.0
17855,0.0
13918,0.0
2194,0.0
5902,1.0
15244,0.0
13125,0.0
12797,1.0
1474,0.0
11906,0.0
10754,0.0
8997,0.0
28488,0.0
13860,0.0
25437,0.0
13884,1.0
19730,0.0
4648,0.0
17557,0.0
1019,0.0
21224,0.0
4994,0.0
18140,0.0
2411,0.0
24732,0.0
28762,1.0
24488,1.0
23567,0.0
21814,0.0
14550,0.0
24246,0.0
6247,0.0
29187,0.0
28103,1.0
8514,0.0
3855,0.0
20647,1.0
22309,0.0
24630,0.0
4692,0.0
11491,0.0
16451,1.0
28741,1.0
4382,1.0
799,1.0
29248,1.0
13799,0.0
17664,1.0
17604,0.0
21984,0.0
29044,0.0
25722,0.0
13829,0.0
15617,0.0
15161,1.0
13743,0.0
29927,1.0
5702,0.0
1417,0.0
23100,1.0
2798,0.0
27630,0.0
15276,1.0
3490,0.0
15995,0.0
11864,1.0
23157,1.0
19674,0.0
28482,1.0
22853,1.0
12960,0.0
11000,0.0
23766,0.0
20329,1.0
27773,0.0
12044,1.0
473,0.0
4246,0.0
28997,0.0
22654,0.0
17468,0.0
18006,1.0
12660,0.0
28992,0.0
15291,0.0
25050,0.0
8447,1.0
19164,0.0
9187,0.0
11592,1.0
4425,0.0
2634,1.0
19306,0.0
12424,1.0
19277,0.0
21663,0.0
8455,0.0
11699,0.0
12764,0.0
26622,0.0
21897,0.0
202,0.0
21307,0.0
28620,0.0
15242,0.0
22065,0.0
28347,1.0
19750,0.0
9244,0.0
19616,0.0
15556,1.0
3150,0.0
1588,0.0
21548,1.0
4374,0.0
14459,0.0
4102,0.0
16412,0.0
2554,0.0
22001,0.0
28361,0.0
6392,0.0
17117,0.0
3130,0.0
19392,0.0
21763,0.0
26443,0.0
27490,0.0
9854,0.0
6110,0.0
20712,0.0
13937,0.0
4838,0.0
25770,0.0
6541,1.0
16472,0.0
11561,0.0
22105,0.0
26796,0.0
15552,0.0
21923,0.0
15957,0.0
26444,0.0
18677,0.0
7099,0.0
22630,0.0
25083,0.0
21974,0.0
15674,0.0
5334,0.0
16236,1.0
6153,0.0
4064,0.0
415,0.0
7435,0.0
4759,0.0
5797,0.0
12071,0.0
20644,0.0
12017,0.0
8030,0.0
24108,0.0
9755,0.0
21244,0.0
20638,1.0
11687,0.0
10480,0.0
4987,0.0
27914,1.0
2681,0.0
25509,0.0
19034,0.0
13878,0.0
9907,0.0
22013,0.0
9891,0.0
13251,0.0
17587,1.0
6076,0.0
8009,1.0
28600,0.0
22276,0.0
13924,0.0
16881,1.0
9372,0.0
24064,0.0
24829,0.0
10820,0.0
20021,0.0
14634,1.0
7409,1.0
9972,0.0
16575,1.0
27547,0.0
20237,1.0
14981,1.0
23245,0.0
406,0.0
29268,0.0
14217,1.0
21348,0.0
8217,1.0
11324,0.0
23887,0.0
8031,0.0
5040,0.0
12259,0.0
8757,0.0
19035,0.0
15379,0.0
2469,0.0
27678,0.0
18414,0.0
12161,1.0
10603,0.0
22870,0.0
13325,0.0
15249,0.0
21403,0.0
12852,0.0
22088,0.0
851,1.0
28146,0.0
18095,1.0
8958,0.0
1884,0.0
10922,0.0
17637,0.0
641,0.0
26786,1.0
11808,0.0
24319,0.0
15539,0.0
11509,0.0
8515,1.0
29413,1.0
28026,0.0
19726,0.0
29256,1.0
1251,0.0
5764,1.0
29583,1.0
15949,0.0
17455,0.0
27349,0.0
25021,0.0
12215,1.0
24713,1.0
12859,0.0
20001,0.0
2644,0.0
15990,0.0
15761,1.0
2542,1.0
19145,0.0
20870,0.0
28317,0.0
16425,0.0
12144,0.0
12136,0.0
21621,0.0
11873,0.0
24793,0.0
1704,0.0
20843,0.0
9417,0.0
29781,0.0
11970,0.0
28311,0.0
9517,0.0
2077,1.0
12629,1.0
12252,0.0
14314,0.0
24890,1.0
29695,0.0
18459,0.0
1876,0.0
12734,0.0
13778,0.0
27378,0.0
14136,0.0
29207,0.0
22566,0.0
957,0.0
18348,1.0
15939,0.0
14445,0.0
8482,0.0
25189,0.0
2173,0.0
6574,0.0
27568,0.0
28828,0.0
490,0.0
11971,1.0
1482,1.0
9591,0.0
5057,1.0
3782,0.0
5368,0.0
11303,1.0
13220,0.0
15361,0.0
2815,0.0
28428,0.0
1066,0.0
28968,0.0
52,0.0
27575,1.0
7128,0.0
9394,0.0
18436,0.0
14833,1.0
21107,0.0
5321,0.0
8766,1.0
16059,0.0
7403,0.0
19995,0.0
2048,0.0
25884,0.0
6453,0.0
5049,1.0
29237,0.0
3257,1.0
6122,1.0
17413,0.0
16306,1.0
14773,1.0
8425,0.0
14355,1.0
10435,0.0
15820,0.0
10008,1.0
14379,1.0
17694,1.0
13134,0.0
19313,0.0
15118,1.0
7666,0.0
7011,0.0
4703,0.0
3177,0.0
1718,0.0
28130,0.0
14268,0.0
20764,0.0
1494,0.0
9713,0.0
22761,0.0
22938,0.0
15364,0.0
24923,0.0
19105,1.0
14172,0.0
26200,0.0
21849,0.0
9393,1.0
28925,1.0
23715,0.0
25377,0.0
29832,0.0
28441,0.0
16594,1.0
14735,0.0
281,0.0
5201,0.0
21048,0.0
27178,0.0
7255,0.0
12109,0.0
18529,0.0
3812,1.0
1975,0.0
14489,0.0
10952,1.0
23695,1.0
9471,0.0
6198,0.0
20426,1.0
1779,0.0
19426,1.0
2149,1.0
18901,0.0
14624,1.0
22130,0.0
28267,0.0
28137,0.0
25213,0.0
11313,0.0
26188,0.0
23454,0.0
28207,0.0
26765,1.0
20731,0.0
11308,0.0
14559,0.0
22026,0.0
7910,0.0
2107,0.0
14428,0.0
20627,0.0
16547,0.0
11230,0.0
2520,0.0
19122,0.0
1021,0.0
22553,0.0
28690,0.0
3258,0.0
8149,1.0
29239,1.0
11629,0.0
18844,0.0
2170,0.0
1797,0.0
11452,1.0
24650,0.0
21724,0.0
24373,1.0
3284,0.0
19931,0.0
1722,1.0
27050,1.0
5774,0.0
1646,0.0
29661,0.0
9850,0.0
13748,0.0
18543,0.0
18000,1.0
24628,1.0
26658,0.0
21844,0.0
18569,0.0
13399,0.0
20154,0.0
4984,0.0
24364,1.0
26699,0.0
5402,0.0
7171,0.0
2262,0.0
1702,0.0
6911,0.0
13788,1.0
3938,1.0
28796,0.0
9193,1.0
4628,0.0
15504,0.0
2629,0.0
23783,0.0
29864,0.0
26819,0.0
12697,0.0
12293,0.0
20827,0.0
2668,0.0
16443,0.0
27664,1.0
11969,1.0
21532,0.0
8234,0.0
2674,0.0
14236,0.0
14316,0.0
4630,0.0
18331,0.0
13867,1.0
7999,0.0
23298,0.0
4071,0.0
17573,0.0
247,0.0
12769,0.0
19846,0.0
20665,0.0
29990,0.0
2902,1.0
21544,1.0
18675,0.0
7155,1.0
26930,1.0
24383,1.0
27896,0.0
26574,0.0
2744,0.0
17980,0.0
22729,0.0
14297,0.0
29981,0.0
8161,1.0
14166,0.0
6331,0.0
25229,0.0
11838,1.0
13659,0.0
4911,1.0
2310,0.0
29298,0.0
6804,0.0
13574,0.0
26080,0.0
18580,1.0
14414,0.0
468,0.0
18632,0.0
9257,1.0
29150,1.0
16794,0.0
17302,0.0
11810,0.0
17956,0.0
7001,0.0
20357,0.0
22358,0.0
29724,1.0
19421,0.0
15476,1.0
28681,0.0
20415,0.0
7182,0.0
14619,0.0
23102,0.0
20592,0.0
21759,0.0
13507,0.0
11134,0.0
57,0.0
19589,0.0
1163,0.0
1398,0.0
10493,0.0
22096,0.0
15598,1.0
7879,0.0
10450,0.0
7733,1.0
17996,0.0
18604,0.0
18324,0.0
10902,0.0
8778,0.0
14728,0.0
26049,0.0
20940,0.0
23329,0.0
16506,1.0
13932,0.0
23849,0.0
26590,0.0
2127,0.0
2984,0.0
8153,0.0
28315,0.0
23453,0.0
23751,0.0
10792,0.0
23492,0.0
952,0.0
6358,1.0
7915,0.0
2632,0.0
15128,0.0
2711,0.0
9822,1.0
22005,0.0
392,0.0
5199,1.0
28746,0.0
23010,0.0
6405,0.0
164,0.0
5611,1.0
12489,1.0
6704,0.0
21442,1.0
26605,0.0
27534,1.0
9636,0.0
25756,0.0
29790,0.0
12265,0.0
2563,1.0
23552,0.0
5634,0.0
22899,0.0
8099,1.0
5105,0.0
27273,0.0
11035,1.0
9984,0.0
12469,1.0
10719,0.0
21878,0.0
25592,0.0
7254,1.0
11344,1.0
29406,0.0
4895,0.0
19719,0.0
24551,1.0
3163,0.0
26733,0.0
16157,0.0
12164,1.0
8966,1.0
12523,1.0
10124,0.0
14436,0.0
26502,0.0
23794,1.0
262,0.0
23072,0.0
13101,1.0
12680,0.0
4531,0.0
23601,0.0
1421,0.0
2584,0.0
8836,0.0
1484,0.0
5761,0.0
18145,0.0
26,0.0
25936,0.0
8807,0.0
21914,1.0
21739,0.0
8144,1.0
3845,0.0
13993,1.0
12958,1.0
15612,0.0
24153,0.0
27538,0.0
1617,1.0
8326,0.0
7323,1.0
3873,1.0
2672,0.0
5273,0.0
1508,0.0
12420,0.0
9590,0.0
809,0.0
3991,1.0
14214,1.0
5662,0.0
8489,0.0
23699,1.0
12337,0.0
7697,0.0
23944,1.0
8256,0.0
3972,1.0
22161,0.0
13479,1.0
24457,0.0
17130,1.0
26427,0.0
2237,0.0
4914,0.0
3785,0.0
26403,0.0
16876,0.0
5001,0.0
21433,0.0
26857,0.0
6148,0.0
25265,0.0
4234,0.0
15993,0.0
15408,0.0
778,1.0
20563,1.0
21505,0.0
15430,1.0
9672,1.0
14198,0.0
11981,0.0
24963,1.0
5109,0.0
23884,0.0
13428,0.0
26844,0.0
22320,0.0
15240,0.0
23015,0.0
4181,0.0
24773,0.0
24837,0.0
5953,0.0
27074,0.0
27653,1.0
12896,0.0
26020,0.0
15757,1.0
24783,0.0
13893,1.0
19091,0.0
8438,1.0
21022,0.0
16040,1.0
15338,0.0
26115,0.0
16429,1.0
20689,0.0
2898,0.0
16196,0.0
5892,0.0
22301,0.0
15194,1.0
8701,0.0
2252,1.0
18443,1.0
11973,0.0
6946,1.0
18721,1.0
13845,1.0
12545,1.0
11574,1.0
11330,0.0
9185,0.0
4196,0.0
10759,1.0
899,0.0
17482,0.0
5833,0.0
9061,0.0
26496,0.0
7588,0.0
8381,0.0
29299,0.0
16267,0.0
1014,0.0
13195,0.0
12602,0.0
11779,0.0
10948,0.0
9003,1.0
242,0.0
28027,0.0
10791,0.0
185,1.0
27339,0.0
23511,0.0
19827,1.0
19790,0.0
19372,0.0
16048,1.0
14506,1.0
20061,0.0
19499,0.0
5461,0.0
23115,0.0
15600,1.0
24174,0.0
19030,1.0
808,1.0
27486,1.0
6970,0.0
24678,1.0
20986,0.0
7841,0.0
29934,1.0
5934,0.0
23651,0.0
13318,0.0
5285,1.0
21486,1.0
26684,0.0
5732,1.0
3026,1.0
1408,0.0
20872,0.0
24904,0.0
23667,0.0
19909,0.0
2769,0.0
16421,0.0
28900,1.0
8040,0.0
15942,1.0
12458,0.0
11212,1.0
11151,0.0
5958,0.0
15758,1.0
29798,0.0
3232,0.0
16462,1.0
29082,1.0
19095,0.0
15959,0.0
19605,0.0
13258,0.0
4306,0.0
23906,0.0
22449,0.0
3291,0.0
26074,0.0
22716,0.0
747,0.0
11089,0.0
27380,0.0
9916,1.0
7660,1.0
7564,0.0
15318,0.0
25581,1.0
1026,0.0
11960,1.0
253,0.0
3617,0.0
1621,1.0
17749,0.0
11611,0.0
6884,0.0
16628,0.0
27017,0.0
10084,1.0
784,0.0
8306,1.0
1499,0.0
21367,0.0
3099,0.0
12079,1.0
7432,0.0
28907,0.0
26034,0.0
23112,1.0
6712,0.0
1016,0.0
15432,0.0
7656,0.0
18389,0.0
26137,0.0
27953,0.0
10705,0.0
20159,0.0
18191,1.0
7582,0.0
29564,0.0
4411,0.0
13391,1.0
27055,0.0
29010,0.0
29664,0.0
28649,0.0
7683,0.0
24504,0.0
14860,0.0
25871,0.0
11,0.0
12408,0.0
29840,0.0
23799,0.0
16272,0.0
11239,0.0
15588,0.0
28166,0.0
21495,0.0
17709,0.0
21312,1.0
17964,0.0
10654,0.0
9429,1.0
25414,0.0
26171,1.0
4730,0.0
4366,0.0
9267,0.0
26048,0.0
17963,0.0
28059,0.0
20045,0.0
17233,1.0
17093,0.0
10392,0.0
18187,0.0
8005,0.0
15331,0.0
29890,0.0
24443,0.0
13721,0.0
10743,0.0
7386,1.0
28603,0.0
27238,0.0
25363,0.0
713,0.0
10575,0.0
19537,1.0
20066,0.0
23281,0.0
15827,1.0
20268,0.0
27707,0.0
6789,1.0
3612,0.0
29966,0.0
19685,0.0
25039,0.0
24269,0.0
9802,0.0
29754,0.0
1232,0.0
13012,0.0
4049,1.0
8465,0.0
18147,0.0
3934,1.0
9735,0.0
15525,1.0
16719,0.0
21680,0.0
19085,0.0
23730,0.0
2369,0.0
19283,0.0
23923,0.0
6577,0.0
4099,1.0
29761,0.0
10540,1.0
8871,0.0
19919,0.0
10955,0.0
2429,0.0
4140,0.0
6578,0.0
13757,0.0
12198,1.0
23038,0.0
17145,0.0
20434,0.0
27865,0.0
21530,0.0
10643,0.0
12253,0.0
4785,0.0
24550,0.0
8758,0.0
19999,0.0
23018,0.0
8477,0.0
28044,1.0
27231,1.0
4322,0.0
7755,0.0
14412,0.0
25268,0.0
397,0.0
3066,1.0
23858,1.0
22900,1.0
4829,0.0
11565,0.0
10869,0.0
20393,0.0
21271,0.0
12619,0.0
153,0.0
20129,0.0
1053,0.0
18377,0.0
8943,0.0
6013,0.0
4386,0.0
12171,0.0
7936,0.0
27764,0.0
6310,0.0
25957,0.0
17456,0.0
18630,0.0
19956,0.0
4492,0.0
14829,0.0
4585,0.0
22757,0.0
5437,0.0
27322,0.0
12354,1.0
15886,1.0
15083,0.0
15359,0.0
5824,0.0
26410,0.0
3380,0.0
28215,0.0
3300,1.0
15664,1.0
12707,0.0
21983,0.0
23490,0.0
944,1.0
25883,0.0
28988,0.0
12068,1.0
18475,0.0
21146,0.0
10357,1.0
5339,1.0
18380,0.0
18119,0.0
5202,0.0
9901,1.0
27024,0.0
14179,0.0
5802,0.0
24674,0.0
27025,1.0
1516,0.0
9746,0.0
3906,0.0
13129,0.0
3321,0.0
9671,0.0
26478,0.0
20721,0.0
16621,1.0
14593,0.0
12677,1.0
8552,0.0
10592,0.0
20633,0.0
29572,0.0
19268,0.0
3451,0.0
16350,0.0
20896,0.0
161,1.0
6743,0.0
27475,0.0
20281,0.0
25865,0.0
3479,0.0
14220,0.0
24310,0.0
4745,0.0
15616,1.0
22007,0.0
11948,0.0
934,1.0
10077,0.0
2962,0.0
23646,1.0
20864,0.0
12225,1.0
25457,0.0
28687,0.0
29917,0.0
11274,0.0
5717,0.0
14740,0.0
2066,0.0
7932,0.0
7857,1.0
14814,0.0
22392,1.0
16304,0.0
24476,0.0
27044,0.0
15861,0.0
19914,0.0
1041,1.0
20543,0.0
20115,0.0
13808,1.0
23631,1.0
11232,0.0
24858,1.0
28041,0.0
12617,0.0
5566,0.0
13304,0.0
22427,0.0
13059,1.0
18915,1.0
29544,0.0
3469,0.0
26432,0.0
5216,0.0
12666,0.0
16073,0.0
23879,0.0
5459,1.0
9747,0.0
7846,0.0
5169,0.0
14938,1.0
3657,1.0
119,0.0
11152,1.0
8021,0.0
22188,0.0
25500,0.0
17481,0.0
26687,1.0
28292,0.0
15148,0.0
14027,0.0
27117,0.0
6758,0.0
12312,0.0
29513,1.0
18744,0.0
5568,0.0
17010,0.0
14547,1.0
23420,0.0
22196,0.0
25933,0.0
19747,0.0
8911,1.0
29259,1.0
6543,0.0
13459,0.0
7962,1.0
5963,0.0
20582,1.0
1847,0.0
3613,0.0
28140,0.0
4556,1.0
17270,0.0
27107,0.0
13358,0.0
12093,0.0
13595,0.0
25537,0.0
231,0.0
14277,0.0
2886,0.0
26162,0.0
14577,1.0
7630,0.0
14308,0.0
13869,0.0
10427,0.0
28406,0.0
20088,0.0
20743,0.0
22031,0.0
3777,1.0
11547,0.0
10510,1.0
2790,0.0
15888,0.0
7690,0.0
14267,0.0
22145,0.0
27187,0.0
27836,0.0
5646,1.0
16400,0.0
2044,0.0
2664,0.0
19970,0.0
23287,1.0
2679,0.0
6046,1.0
15899,1.0
28493,1.0
26412,0.0
11872,0.0
16384,1.0
18738,0.0
18798,0.0
28449,0.0
19173,0.0
4390,0.0
20392,1.0
26017,0.0
22283,0.0
25416,1.0
16132,0.0
25916,1.0
14661,0.0
3627,0.0
12321,1.0
8794,0.0
20797,0.0
24407,0.0
9026,0.0
14755,0.0
27797,0.0
12220,0.0
17248,1.0
12490,0.0
5365,1.0
3184,0.0
19629,0.0
17817,0.0
28966,0.0
6534,1.0
13750,1.0
19189,0.0
21509,1.0
26760,0.0
9956,1.0
23031,1.0
5018,1.0
6413,0.0
1675,0.0
13310,0.0
22220,0.0
27560,0.0
17656,0.0
22809,0.0
2028,0.0
4514,0.0
16926,1.0
10827,0.0
22297,0.0
22973,0.0
7751,0.0
15150,0.0
9784,0.0
18847,0.0
25511,1.0
6710,0.0
2138,0.0
6729,0.0
7354,0.0
11790,0.0
20160,0.0
12547,1.0
10954,0.0
4509,1.0
8843,0.0
28268,0.0
10983,1.0
12271,0.0
19326,0.0
18249,0.0
25145,0.0
15092,0.0
7710,0.0
6147,1.0
14500,1.0
11942,0.0
8765,0.0
2932,0.0
26560,0.0
7950,0.0
4587,0.0
9158,0.0
26976,0.0
8904,0.0
20996,1.0
14997,0.0
14825,1.0
21037,1.0
11985,0.0
27417,0.0
26938,0.0
7907,0.0
10155,0.0
18792,1.0
15516,0.0
27881,1.0
21019,1.0
26746,0.0
12110,0.0
17752,1.0
24920,1.0
26697,1.0
9290,1.0
9206,0.0
11599,0.0
2500,0.0
19770,0.0
495,0.0
12270,0.0
1549,0.0
4574,0.0
15138,0.0
3114,0.0
511,1.0
24939,1.0
10195,1.0
17788,1.0
9711,0.0
18213,0.0
11999,0.0
2817,0.0
2099,0.0
13888,0.0
193,0.0
26312,0.0
21099,1.0
1971,0.0
22922,0.0
23182,0.0
28755,0.0
20221,1.0
24330,1.0
16143,0.0
17562,1.0
6998,0.0
18216,1.0
7898,0.0
19065,1.0
8232,0.0
21296,1.0
10560,0.0
18067,1.0
25591,1.0
22881,1.0
21722,0.0
20468,1.0
19182,0.0
3356,0.0
25888,0.0
26360,0.0
5543,1.0
4475,1.0
22410,0.0
26855,0.0
11782,0.0
6592,1.0
29493,1.0
15751,0.0
23455,0.0
10285,0.0
9691,0.0
7575,0.0
5759,0.0
14975,0.0
27466,0.0
4889,0.0
206,0.0
14039,0.0
19514,0.0
4811,0.0
3200,0.0
20430,1.0
26439,0.0
13589,1.0
27860,0.0
3691,0.0
28902,0.0
26985,0.0
15212,0.0
11062,0.0
21118,0.0
10254,0.0
24535,0.0
7601,1.0
29362,0.0
25220,0.0
25116,0.0
1869,1.0
7676,0.0
28806,0.0
17886,0.0
5888,0.0
16792,0.0
15339,0.0
24187,0.0
12274,0.0
21369,1.0
5128,0.0
24050,0.0
16504,0.0
2174,0.0
13196,0.0
9944,0.0
5245,0.0
4178,0.0
12559,0.0
21583,1.0
4073,0.0
8405,0.0
13982,0.0
9482,1.0
15936,1.0
5131,0.0
22472,0.0
23215,0.0
23474,0.0
1936,0.0
6029,0.0
21207,1.0
2184,0.0
21821,0.0
28114,0.0
26068,0.0
11663,0.0
17722,0.0
20724,0.0
11150,1.0
10930,0.0
13858,1.0
7998,0.0
2353,1.0
15109,0.0
16649,0.0
28622,0.0
11749,1.0
23857,1.0
6728,0.0
16654,0.0
17471,0.0
12041,0.0
4913,0.0
9615,0.0
20034,1.0
14235,0.0
5872,0.0
14107,0.0
6468,0.0
9173,0.0
5084,1.0
10449,0.0
24556,0.0
8987,0.0
19697,0.0
11292,0.0
5205,0.0
9383,0.0
703,1.0
28858,0.0
27171,0.0
22475,1.0
19769,0.0
28412,0.0
11977,0.0
19389,1.0
303,0.0
15819,0.0
15210,1.0
10002,0.0
20820,0.0
9554,1.0
2526,0.0
18268,0.0
1233,1.0
1730,1.0
22366,1.0
28157,0.0
21930,0.0
27591,0.0
11507,1.0
2558,1.0
6711,0.0
933,1.0
6655,1.0
16924,1.0
23296,0.0
8291,0.0
457,1.0
29668,1.0
11731,0.0
25717,0.0
23546,0.0
8767,0.0
14772,1.0
264,0.0
8864,0.0
21423,0.0
5651,1.0
9887,0.0
16588,0.0
7297,0.0
11697,0.0
23843,0.0
11794,1.0
7706,1.0
15272,0.0
28915,0.0
13090,0.0
18907,0.0
10496,0.0
26910,0.0
19582,0.0
26051,1.0
5208,0.0
26084,0.0
17771,0.0
25282,0.0
18318,0.0
18285,1.0
18413,0.0
14836,0.0
29779,1.0
24421,0.0
20839,1.0
22561,0.0
14446,1.0
22423,0.0
9757,0.0
14855,0.0
27798,0.0
3633,0.0
25514,0.0
19555,1.0
29720,0.0
12339,0.0
5987,0.0
7659,1.0
26611,1.0
13797,0.0
21485,0.0
29823,0.0
8385,0.0
4268,0.0
24724,1.0
10618,0.0
15104,0.0
19636,0.0
18086,1.0
116,1.0
10140,0.0
9123,1.0
3035,0.0
16224,1.0
19628,0.0
12301,0.0
29913,0.0
4123,0.0
9573,0.0
15550,0.0
8353,0.0
10671,0.0
12121,1.0
8584,0.0
9906,0.0
12551,1.0
29225,1.0
22998,0.0
20,0.0
26453,0.0
3841,0.0
3173,0.0
152,0.0
24045,0.0
8732,0.0
3992,0.0
24268,1.0
17662,0.0
22830,0.0
22965,0.0
8299,1.0
21614,1.0
24,0.0
16205,1.0
2047,1.0
23572,0.0
13938,1.0
7241,0.0
299,0.0
5300,0.0
10506,0.0
27548,0.0
3802,0.0
25487,0.0
22883,0.0
8188,0.0
15590,0.0
7799,1.0
18330,0.0
13020,0.0
14951,1.0
8853,0.0
25390,0.0
10834,0.0
22241,0.0
27304,0.0
13894,0.0
29783,0.0
14686,0.0
315,0.0
28139,0.0
16344,1.0
9163,0.0
4406,0.0
17684,0.0
24840,0.0
976,0.0
27060,0.0
14760,0.0
26915,1.0
8800,0.0
20707,0.0
18218,0.0
27930,1.0
13170,0.0
9704,1.0
22331,1.0
15454,0.0
18018,0.0
27874,0.0
15184,0.0
11852,0.0
5483,1.0
21351,0.0
26592,0.0
8944,0.0
23417,0.0
26280,0.0
2210,0.0
15920,1.0
11542,0.0
22409,0.0
21335,0.0
10029,0.0
18379,0.0
14120,0.0
7975,0.0
18341,1.0
24299,1.0
17060,1.0
27038,0.0
8222,1.0
2592,1.0
27946,0.0
28888,0.0
7049,1.0
19454,0.0
15989,0.0
19376,0.0
17070,1.0
14838,0.0
17369,1.0
6700,0.0
1061,1.0
29624,0.0
20648,0.0
29587,0.0
11220,1.0
27879,1.0
22415,1.0
15266,0.0
10252,0.0
429,0.0
16905,0.0
28807,0.0
15443,0.0
3255,0.0
748,0.0
19391,0.0
8715,0.0
4376,1.0
25256,1.0
25206,0.0
10238,1.0
27003,0.0
13273,0.0
9559,0.0
25019,0.0
11007,1.0
17590,0.0
1540,0.0
18247,1.0
20965,0.0
26916,0.0
9466,1.0
3137,0.0
4708,1.0
6745,1.0
27400,0.0
1054,0.0
19577,0.0
1217,0.0
21157,1.0
15238,0.0
23573,0.0
26279,1.0
24702,0.0
24144,0.0
9812,1.0
15852,1.0
11766,0.0
12780,0.0
12575,0.0
23602,0.0
4597,0.0
17052,1.0
13186,0.0
20506,0.0
10858,0.0
3059,0.0
27925,0.0
10289,0.0
19862,1.0
11289,0.0
9323,0.0
27909,0.0
12206,0.0
8882,0.0
20409,1.0
18152,1.0
16958,0.0
27033,0.0
9226,0.0
7312,0.0
27759,1.0
21978,0.0
24715,1.0
6490,0.0
18736,1.0
23461,0.0
25688,0.0
26703,1.0
828,1.0
28947,0.0
23621,0.0
28558,0.0
27870,0.0
4130,0.0
21269,0.0
27309,1.0
8790,0.0
3339,1.0
8488,1.0
25702,0.0
8281,0.0
27819,0.0
8622,0.0
530,0.0
14219,0.0
24754,0.0
15919,0.0
4504,0.0
25747,0.0
11695,0.0
349,0.0
8644,0.0
9269,0.0
3440,0.0
9697,1.0
20892,0.0
5931,1.0
8490,0.0
11923,0.0
26603,1.0
20539,0.0
27731,1.0
11522,0.0
25618,0.0
15421,0.0
12391,1.0
12957,0.0
10631,1.0
8524,1.0
19853,0.0
21018,1.0
8876,0.0
28424,0.0
23058,0.0
6909,1.0
7428,1.0
4344,0.0
10240,0.0
28730,0.0
20919,1.0
19468,0.0
7982,0.0
18826,1.0
17784,0.0
18301,0.0
15563,0.0
17818,0.0
24857,0.0
840,0.0
8187,0.0
16921,0.0
4466,1.0
14663,0.0
14627,1.0
21896,0.0
26780,1.0
14832,0.0
2277,0.0
10441,0.0
27530,1.0
3907,0.0
9876,0.0
28540,0.0
1705,0.0
29780,0.0
13382,0.0
9116,0.0
13136,0.0
7972,0.0
1793,0.0
24548,0.0
27125,0.0
5127,1.0
9913,0.0
19361,1.0
5141,0.0
15765,0.0
25302,0.0
3980,0.0
19722,0.0
9297,0.0
13287,0.0
946,0.0
17502,0.0
15927,0.0
19612,0.0
20680,0.0
19768,0.0
3167,0.0
20538,0.0
28705,0.0
1684,0.0
24334,1.0
7370,1.0
7475,1.0
12247,0.0
7515,0.0
21035,0.0
26632,1.0
13169,0.0
14346,1.0
2090,1.0
5607,1.0
7303,0.0
9702,0.0
16279,0.0
7978,0.0
2751,0.0
17450,1.0
24696,0.0
1462,1.0
24909,0.0
5779,0.0
15705,0.0
24838,0.0
5089,0.0
9620,0.0
9877,1.0
3910,0.0
20729,0.0
22373,0.0
6855,1.0
6036,0.0
20230,1.0
29793,0.0
18920,1.0
27984,0.0
15935,0.0
20579,0.0
22750,0.0
11269,0.0
27193,1.0
21101,0.0
7492,0.0
12361,0.0
23989,1.0
12900,0.0
6359,0.0
19110,0.0
8169,0.0
3739,0.0
16081,0.0
3949,0.0
6456,1.0
10471,0.0
21373,1.0
6253,0.0
16043,1.0
28987,0.0
28440,0.0
773,1.0
28345,1.0
12502,0.0
14439,0.0
1247,1.0
2791,0.0
9869,1.0
25236,1.0
17505,0.0
270,1.0
2222,1.0
9057,0.0
25456,0.0
23841,0.0
24101,1.0
5698,1.0
6484,0.0
21041,0.0
28845,0.0
28295,0.0
5366,0.0
26820,0.0
28759,0.0
27244,0.0
12768,1.0
16638,1.0
13654,1.0
16301,0.0
17792,0.0
13631,0.0
6282,1.0
27882,0.0
27576,0.0
23165,0.0
29156,1.0
673,1.0
11414,0.0
382,1.0
16734,0.0
21767,0.0
10484,0.0
24764,0.0
29318,0.0
1356,0.0
12854,0.0
21424,0.0
9094,1.0
17718,0.0
23299,0.0
21077,1.0
9998,0.0
19352,1.0
14409,0.0
8948,0.0
4991,1.0
2919,0.0
1725,0.0
17134,1.0
29464,0.0
28358,0.0
10245,0.0
16278,0.0
6322,0.0
24596,0.0
19365,0.0
7664,0.0
18613,0.0
23721,0.0
28895,0.0
25645,0.0
13488,0.0
22743,0.0
28581,0.0
687,1.0
12191,0.0
11799,0.0
27728,1.0
1763,1.0
20552,0.0
11939,0.0
26618,1.0
7052,1.0
4527,0.0
11425,1.0
18747,0.0
10039,0.0
8542,0.0
1914,0.0
16555,1.0
18059,1.0
3303,1.0
8068,0.0
5926,0.0
23347,0.0
28209,0.0
9243,0.0
14356,0.0
26165,0.0
24999,0.0
26652,1.0
29051,0.0
3916,0.0
16804,0.0
19238,0.0
6278,1.0
7165,0.0
10967,0.0
9939,0.0
5615,0.0
29445,0.0
18880,0.0
14921,0.0
3807,1.0
9176,0.0
23502,1.0
16453,0.0
6647,0.0
1921,1.0
9630,0.0
23176,0.0
7236,0.0
28415,0.0
20808,0.0
7072,1.0
10636,0.0
6301,1.0
5377,0.0
26513,0.0
22659,0.0
1816,1.0
16101,0.0
22141,0.0
21397,0.0
12223,1.0
15750,1.0
16362,0.0
13406,1.0
28237,0.0
29198,1.0
1316,1.0
11133,0.0
4807,0.0
750,1.0
25579,0.0
20765,1.0
18539,0.0
21229,1.0
2036,0.0
16265,1.0
17459,0.0
11705,1.0
6914,0.0
22685,0.0
6184,0.0
24560,0.0
24435,0.0
12319,1.0
6703,1.0
11037,1.0
23042,0.0
18916,0.0
20396,1.0
6981,0.0
20175,0.0
972,0.0
21208,0.0
14611,0.0
16326,1.0
18577,0.0
27536,1.0
7107,0.0
22459,0.0
10583,0.0
27169,1.0
10738,0.0
21125,0.0
6012,0.0
2315,0.0
2728,0.0
23568,0.0
22492,0.0
4609,1.0
14133,1.0
5473,1.0
12484,0.0
12640,0.0
12998,1.0
12812,0.0
9263,0.0
21426,0.0
27862,0.0
17106,0.0
11707,0.0
22230,0.0
25774,0.0
27926,1.0
18450,1.0
5376,0.0
15780,0.0
18739,1.0
15218,0.0
10515,0.0
7822,1.0
9470,0.0
15619,0.0
20376,0.0
26876,0.0
10437,0.0
7867,0.0
7086,0.0
5517,1.0
21682,0.0
11614,1.0
20055,0.0
29462,0.0
11238,0.0
19156,0.0
6978,0.0
21186,0.0
4954,1.0
15195,0.0
20697,0.0
26892,0.0
8893,0.0
27641,0.0
6188,0.0
21924,0.0
29911,0.0
4497,1.0
21161,0.0
24554,0.0
5527,0.0
12833,0.0
23997,1.0
22372,0.0
25604,0.0
5839,1.0
26707,1.0
22359,0.0
24176,0.0
13733,0.0
4667,0.0
14033,0.0
13889,0.0
4966,1.0
5497,0.0
8782,0.0
27843,1.0
13648,1.0
28830,0.0
12135,0.0
16541,1.0
147,0.0
23722,0.0
21574,1.0
22543,1.0
8294,1.0
6551,1.0
11109,0.0
19174,0.0
18075,1.0
13177,0.0
13209,0.0
29210,0.0
28050,0.0
12118,1.0
19732,0.0
12349,0.0
17560,0.0
27936,0.0
14872,0.0
8690,0.0
15260,0.0
9614,1.0
2140,0.0
3236,1.0
20326,0.0
27365,0.0
1942,0.0
1403,0.0
7726,1.0
2342,0.0
18009,1.0
26306,0.0
24522,0.0
14666,1.0
10805,0.0
13895,0.0
7772,0.0
10819,1.0
20435,0.0
11829,1.0
28434,1.0
27099,0.0
18824,0.0
28436,0.0
23726,0.0
20334,0.0
25411,0.0
16768,1.0
1554,0.0
10267,0.0
25856,0.0
29739,0.0
15350,0.0
18166,0.0
18446,0.0
29577,1.0
8780,0.0
8129,0.0
20853,1.0
22995,0.0
14820,0.0
29087,0.0
24386,0.0
25709,1.0
14877,0.0
12657,0.0
11147,0.0
13026,0.0
24358,0.0
15542,0.0
29869,0.0
13052,0.0
26107,0.0
6689,1.0
22842,0.0
7512,0.0
4159,0.0
11306,0.0
23769,1.0
22094,0.0
9434,0.0
22342,0.0
2849,0.0
24728,0.0
3219,0.0
24073,0.0
19470,0.0
4023,0.0
5644,0.0
5014,0.0
1075,0.0
15370,1.0
19875,0.0
6801,1.0
15974,1.0
16079,0.0
744,0.0
13874,0.0
5078,0.0
6971,0.0
25441,0.0
3644,0.0
25037,0.0
23269,0.0
12916,0.0
26573,0.0
12686,1.0
14207,1.0
28808,0.0
10904,0.0
28693,0.0
10310,0.0
14467,0.0
1547,0.0
29414,1.0
27983,0.0
7096,1.0
1957,1.0
7651,0.0
29701,1.0
20676,1.0
28421,0.0
7943,0.0
22521,1.0
25379,0.0
17252,1.0
28976,0.0
7258,0.0
2507,0.0
26808,0.0
13880,0.0
2907,0.0
16863,0.0
2473,0.0
28124,0.0
10330,1.0
2146,0.0
2242,1.0
2626,1.0
6503,0.0
23163,0.0
20667,1.0
19852,0.0
15435,0.0
29800,1.0
20085,0.0
21205,0.0
19062,0.0
21678,0.0
19911,0.0
12376,0.0
12583,0.0
12194,0.0
14998,0.0
7631,0.0
23535,0.0
10838,0.0
3056,0.0
15334,0.0
15166,0.0
5621,0.0
6733,0.0
7038,1.0
25874,0.0
8619,0.0
9580,1.0
2300,0.0
12108,0.0
20158,0.0
6269,1.0
14601,1.0
1491,0.0
5588,0.0
23435,0.0
7872,0.0
27985,0.0
1978,0.0
16853,0.0
23411,0.0
10909,0.0
6366,1.0
7369,1.0
28138,0.0
7806,0.0
22665,0.0
19743,1.0
15230,0.0
13172,0.0
24024,0.0
3563,0.0
12940,0.0
5884,1.0
12787,0.0
2244,1.0
24048,0.0
10923,0.0
26928,0.0
21437,0.0
25470,0.0
11587,1.0
9229,0.0
16292,0.0
16087,0.0
354,0.0
24429,1.0
17595,1.0
20344,0.0
21968,0.0
16177,0.0
29045,0.0
29071,0.0
14031,0.0
29945,1.0
7851,1.0
19551,0.0
11544,0.0
25118,0.0
15896,1.0
9515,0.0
17087,1.0
22732,0.0
5357,0.0
27844,1.0
7356,0.0
4622,1.0
24199,1.0
24558,0.0
5451,1.0
884,0.0
5139,0.0
4281,0.0
19394,0.0
5347,0.0
14812,0.0
21129,0.0
23755,0.0
20776,0.0
10761,0.0
11974,0.0
1818,0.0
532,0.0
10440,0.0
13000,1.0
28919,1.0
1073,0.0
4053,0.0
17643,0.0
4224,0.0
23496,1.0
18284,0.0
15915,0.0
13159,0.0
10192,0.0
23561,0.0
11337,0.0
18620,0.0
1341,0.0
22939,0.0
5383,0.0
22956,0.0
26303,0.0
6619,0.0
21075,0.0
14548,0.0
9531,0.0
23864,1.0
26456,0.0
28503,0.0
13713,1.0
2968,0.0
29368,0.0
6137,0.0
1807,0.0
9964,0.0
10518,0.0
28010,0.0
28275,0.0
21216,0.0
23897,0.0
2054,1.0
8155,0.0
8951,0.0
23017,0.0
9156,0.0
13344,0.0
16450,0.0
23926,1.0
23589,0.0
19972,0.0
11348,0.0
1579,0.0
14927,0.0
18805,0.0
24843,0.0
23235,0.0
24663,0.0
20472,0.0
12627,0.0
9280,1.0
19789,0.0
4891,0.0
11121,1.0
28504,1.0
10051,0.0
3575,0.0
13978,0.0
25726,1.0
18350,0.0
28494,0.0
13151,0.0
7545,0.0
14121,0.0
29378,0.0
14672,0.0
13492,0.0
24664,0.0
8718,0.0
11198,1.0
12830,0.0
2539,0.0
4902,1.0
16585,0.0
13512,0.0
19106,1.0
5726,0.0
22876,0.0
10855,0.0
26100,0.0
14487,0.0
11016,0.0
26357,0.0
22599,0.0
5281,0.0
8274,0.0
4289,0.0
2436,0.0
6474,0.0
24766,1.0
4262,0.0
5903,1.0
16750,0.0
2631,0.0
14782,0.0
11887,0.0
25439,0.0
29729,0.0
9295,0.0
12605,1.0
26387,0.0
18686,0.0
25718,0.0
12571,0.0
14021,0.0
25205,0.0
22228,0.0
606,1.0
776,0.0
8092,0.0
22530,1.0
25642,0.0
23986,0.0
4110,0.0
21410,0.0
29015,0.0
17221,0.0
17880,0.0
26727,0.0
16114,0.0
3635,0.0
4309,0.0
2519,0.0
17915,0.0
10299,0.0
1842,0.0
21523,1.0
7497,0.0
25348,0.0
22199,0.0
14278,1.0
13968,0.0
25849,0.0
4430,0.0
27594,0.0
9880,0.0
20811,1.0
18229,1.0
19428,0.0
1604,0.0
25551,0.0
24343,1.0
5466,0.0
7820,0.0
20424,0.0
10767,0.0
9254,0.0
18477,0.0
11792,0.0
17151,0.0
26029,0.0
23899,1.0
20309,0.0
5591,0.0
19901,0.0
23533,1.0
23553,0.0
23030,0.0
2880,1.0
10893,0.0
21025,0.0
28100,1.0
25358,0.0
6418,0.0
758,1.0
1528,0.0
13957,1.0
17582,1.0
27468,1.0
5806,0.0
14868,0.0
11427,0.0
29115,0.0
13933,1.0
8442,1.0
9360,0.0
29536,1.0
4231,0.0
7856,0.0
5811,0.0
23345,0.0
10132,0.0
2959,1.0
20631,0.0
27382,0.0
2684,0.0
26788,0.0
17095,0.0
20304,0.0
12858,1.0
151,0.0
26749,0.0
21960,0.0
22464,0.0
27155,1.0
20936,0.0
20056,0.0
18667,0.0
24114,1.0
10823,1.0
22315,0.0
3485,0.0
13127,0.0
2415,1.0
29411,0.0
17854,0.0
17477,0.0
22319,0.0
23814,0.0
25332,1.0
10878,0.0
19100,0.0
7240,1.0
29919,0.0
23500,0.0
21416,0.0
29204,0.0
21199,1.0
23189,0.0
19314,0.0
24461,0.0
12125,0.0
9772,0.0
4591,0.0
29615,1.0
13910,0.0
8847,1.0
20775,1.0
11036,0.0
23808,0.0
7443,0.0
8485,0.0
7048,0.0
18530,0.0
17056,1.0
17755,0.0
29772,1.0
11798,0.0
17297,0.0
27704,1.0
3064,1.0
27527,1.0
27741,0.0
26144,0.0
2352,0.0
13469,1.0
20038,0.0
13319,0.0
29811,0.0
20672,0.0
8897,0.0
2891,0.0
14965,0.0
835,1.0
23974,0.0
18369,1.0
3809,0.0
21232,0.0
1497,1.0
21412,0.0
19348,0.0
18519,1.0
25845,1.0
27974,0.0
26339,0.0
1794,0.0
11842,0.0
3134,0.0
28965,0.0
25361,0.0
11567,0.0
11826,0.0
1837,0.0
6668,1.0
24128,0.0
12799,0.0
11946,0.0
20479,1.0
10221,0.0
24974,1.0
21121,1.0
19531,0.0
15125,0.0
3092,0.0
2964,1.0
8220,1.0
23811,0.0
12248,0.0
20383,0.0
11219,0.0
19299,0.0
28509,0.0
14004,0.0
23659,0.0
16736,0.0
15620,0.0
13394,0.0
18941,0.0
23219,0.0
29272,0.0
18990,0.0
17051,1.0
2726,0.0
1582,0.0
6676,0.0
17726,0.0
12266,0.0
18829,0.0
11137,0.0
1389,0.0
23685,0.0
13755,0.0
6626,0.0
28172,0.0
25640,0.0
28484,0.0
24437,0.0
24213,0.0
26271,0.0
9658,0.0
10770,0.0
5280,0.0
12537,0.0
4187,0.0
25951,0.0
25905,1.0
26161,1.0
17506,0.0
12714,0.0
5592,0.0
2130,0.0
14741,0.0
20458,0.0
14363,0.0
7313,0.0
6996,1.0
4423,0.0
11943,1.0
6304,0.0
29542,1.0
1668,1.0
11494,1.0
27758,0.0
4576,0.0
22780,0.0
25155,1.0
25011,1.0
4230,1.0
24041,0.0
15070,0.0
6987,1.0
18186,1.0
29645,1.0
26483,0.0
10096,1.0
13004,0.0
13285,0.0
10047,0.0
15638,0.0
23698,0.0
28818,0.0
10073,0.0
22239,0.0
3029,0.0
19380,0.0
25,0.0
8519,0.0
19185,0.0
2537,0.0
23773,0.0
11871,0.0
6787,0.0
1309,0.0
26967,0.0
19015,0.0
29067,0.0
9151,0.0
27716,1.0
25056,0.0
20646,1.0
1085,0.0
5270,0.0
4511,1.0
12084,1.0
11529,0.0
29618,0.0
12415,0.0
13353,0.0
25836,0.0
27268,1.0
25448,0.0
24206,0.0
11517,1.0
4852,1.0
21854,0.0
29762,0.0
7416,1.0
4401,0.0
9911,0.0
14813,1.0
11966,0.0
24056,0.0
17053,1.0
7905,0.0
20525,0.0
6889,0.0
18982,0.0
4468,0.0
17832,1.0
28817,0.0
10571,0.0
27149,0.0
20117,0.0
3864,1.0
8333,1.0
23531,0.0
20149,1.0
18831,0.0
11900,0.0
26434,0.0
1894,0.0
27494,0.0
15286,0.0
28570,0.0
20783,0.0
3986,0.0
19929,0.0
3332,0.0
14707,1.0
21286,1.0
23464,1.0
26816,1.0
5482,0.0
5288,0.0
6795,0.0
23635,0.0
26536,1.0
24930,1.0
18403,1.0
13599,0.0
15688,0.0
4038,0.0
20790,0.0
28194,0.0
1501,0.0
22603,0.0
14137,0.0
4679,0.0
28131,0.0
11910,0.0
17173,0.0
13302,0.0
22343,0.0
12162,0.0
22774,1.0
4264,1.0
4021,0.0
670,1.0
16250,0.0
28627,0.0
12089,0.0
18224,1.0
29426,0.0
9918,1.0
16016,0.0
9406,0.0
22232,0.0
23977,0.0
23701,0.0
13452,0.0
25084,0.0
20964,1.0
22396,0.0
8,0.0
3517,0.0
7041,0.0
13761,0.0
6123,1.0
13474,0.0
27316,0.0
24204,0.0
28202,1.0
2716,1.0
12529,0.0
10472,0.0
21535,1.0
4957,0.0
17164,0.0
20913,0.0
3441,0.0
16060,0.0
9953,1.0
22745,0.0
1933,0.0
9533,0.0
7638,0.0
25541,1.0
19052,0.0
8453,1.0
27660,1.0
26003,0.0
14289,1.0
25469,0.0
2534,0.0
24818,1.0
6511,0.0
362,0.0
19339,0.0
4088,0.0
29267,0.0
25211,0.0
10384,0.0
9663,1.0
26969,0.0
18356,0.0
22638,0.0
27272,0.0
18767,0.0
27240,0.0
25024,1.0
13815,0.0
25409,0.0
5385,0.0
23332,0.0
7268,0.0
2973,0.0
11851,0.0
1635,0.0
135,0.0
6922,0.0
29455,0.0
12112,0.0
4865,0.0
3187,1.0
112,1.0
20404,0.0
15951,1.0
12527,0.0
3522,0.0
14542,1.0
21840,0.0
5348,0.0
4912,0.0
20716,0.0
21474,0.0
2248,1.0
20842,0.0
10411,1.0
9007,1.0
8967,1.0
2556,0.0
23883,0.0
842,0.0
19073,0.0
20016,0.0
7525,0.0
12770,0.0
14029,0.0
25278,0.0
28651,0.0
27803,0.0
4345,0.0
13321,0.0
3696,1.0
10973,0.0
27928,0.0
8779,0.0
13037,0.0
16963,0.0
12067,1.0
21084,0.0
29420,0.0
27790,0.0
16336,0.0
28920,0.0
24908,0.0
23302,1.0
22485,0.0
6195,0.0
24607,0.0
10313,0.0
5440,1.0
13158,0.0
11952,0.0
2733,0.0
1405,0.0
27385,1.0
17437,0.0
23614,0.0
26258,0.0
2444,1.0
10790,0.0
4533,1.0
9866,0.0
24226,0.0
5183,0.0
17333,0.0
15585,0.0
3439,0.0
20958,1.0
28066,1.0
943,0.0
25851,0.0
26626,0.0
20380,1.0
2461,0.0
26110,0.0
19892,0.0
15970,1.0
15190,0.0
9865,0.0
7753,1.0
19219,0.0
24917,0.0
729,0.0
11499,0.0
4928,0.0
29778,0.0
8588,0.0
11315,1.0
5642,0.0
706,0.0
28942,0.0
13885,0.0
1820,0.0
10430,0.0
16691,1.0
18133,0.0
29635,0.0
16373,0.0
12214,0.0
10353,0.0
25517,0.0
15535,0.0
27513,0.0
22597,0.0
1659,0.0
13783,1.0
21703,1.0
4860,0.0
17396,1.0
5562,0.0
12348,0.0
24228,0.0
14600,0.0
12687,0.0
7374,0.0
27661,1.0
10111,0.0
